Unnamed: 0,acousticness,danceability,duration_ms,energy,instrumentalness,key,liveness,loudness,mode,speechiness,tempo,time_signature,valence,target,song_title,artist
0,102,833,204600,434,219,2,165,-8.795,1,431,150.062,4.0,286,1,Mask Off,Future
1,199,743,326933,359,611,1,137,-10.401,1,794,160.083,4.0,588,1,Redbone,Childish Gambino
2,344,838,185707,412,234,2,159,-7.148,1,289,75.044,4.0,173,1,Xanny Family,Future
3,604,494,199413,338,0.51,5,922,-15.236,1,261,86.468,4.0,0.23,1,Master Of None,Beach House
4,0.18,678,392893,561,512,5,439,-11.648,0,694,174.004,4.0,904,1,Parallel Lines,Junior Boys
5,479,804,251333,0.56,0.0,8,164,-6.682,1,185,85.023,4.0,264,1,Sneakin’,Drake
6,145,739,241400,472,7.27e-06,1,207,-11.204,1,156,80.03,4.0,308,1,Childs Play,Drake
7,202,266,349667,348,664,10,0.16,-11.609,0,371,144.154,4.0,393,1,Gyöngyhajú lány,Omega
8,481,603,202853,944,0.0,11,342,-3.626,0,347,130.035,4.0,398,1,I've Seen Footage,Death Grips
9,208,836,226840,603,0.0,7,571,-7.792,1,237,99.994,4.0,386,1,Digital Animal,Honey Claws
10,572,525,358187,855,143,5,649,-7.372,0,548,111.951,3.0,524,1,Subways - In Flagranti Extended Edit,The Avalanches
11,915,753,324880,748,348,10,212,-8.62,1,494,104.322,4.0,642,1,Donme Dolap - Baris K Edit,Modern Folk Üçlüsü
12,253,603,356973,434,619,0,108,-11.062,1,342,127.681,4.0,381,1,Cemalim,Erkin Koray
13,366,762,243270,476,0.0,0,103,-12.686,1,114,130.007,4.0,367,1,One Night,Lil Yachty
14,0.44,662,247288,603,0.0,9,972,-8.317,0,793,125.011,4.0,351,1,Oh lala,PNL
15,19,637,188333,832,563,6,316,-6.637,1,163,99.988,4.0,317,1,Char,Crystal Castles
16,239,603,270827,955,451,1,119,-4.111,1,458,123.922,4.0,773,1,World In Motion,New Order
17,233,789,447907,659,49,4,184,-12.654,0,429,122.415,4.0,842,1,One Nation Under a Groove,Funkadelic
18,314,713,195429,611,0.0,1,117,-6.702,0,241,140.061,4.0,783,1,Bouncin,Chief Keef
19,242,735,214347,759,185,1,966,-6.914,0,449,109.982,4.0,763,1,C O O L - Radio Edit,Le Youth
20,702,854,249253,719,308,10,428,-9.335,0,655,128.049,4.0,471,1,Percolator (Jamie Jones Vault Mix) - mixed,Cajmere
21,24,747,307680,0.74,369,1,995,-4.134,1,323,130.031,4.0,0.77,1,House of Jealous Lovers,The Rapture
22,118,854,287086,401,0.0,9,527,-8.553,1,395,139.922,4.0,441,1,Imma Ride,Young Thug
23,596,224,132760,925,1.35e-06,11,663,-1.71,0,834,138.022,4.0,364,1,Girlfriend,Ty Segall
24,279,512,203400,564,1.54e-05,10,133,-5.892,1,316,94.498,4.0,401,1,If I Gave You My Love,Myron & E
25,219,781,205160,795,269,7,673,-6.758,1,36,109.977,4.0,795,1,This Ready Flesh,TR/ST
26,341,411,199500,684,1.42e-06,11,198,-6.889,0,383,110.016,4.0,598,1,Lose My Mind,A-Trak
27,18,646,188333,837,403,6,316,-6.615,1,134,100.04,4.0,0.32,1,Char,Crystal Castles
28,516,782,228562,572,0.0,4,0.33,-7.467,0,385,120.021,4.0,237,1,Look Alive,Rae Sremmurd
29,282,735,186096,0.4,125,1,811,-12.766,1,102,129.004,4.0,326,1,Please Stop Making Fake Versace,Father
30,791,0.45,220934,449,0.0,2,173,-12.037,1,156,135.45,4.0,137,1,Milly Rock,2milly
31,219,897,285240,642,1.31e-06,2,159,-8.828,1,534,127.984,4.0,0.27,1,Blasé (feat. Future & Rae Sremmurd),Ty Dolla $ign
32,358,959,213000,598,0.0,8,358,-5.534,1,713,127.029,4.0,424,1,Best Friend,Young Thug
33,324,742,280831,559,0.0,5,987,-5.876,1,141,146.923,4.0,429,1,Hercules,Young Thug
34,118,805,232880,687,0.0,9,842,-7.771,1,458,119.999,4.0,683,1,Who Be Lovin Me (feat. ILOVEMAKONNEN),Santigold
35,428,667,230693,581,0.0,0,183,-5.164,0,323,110.953,4.0,372,1,Check,Young Thug
36,297,722,175613,823,0.0,7,489,-3.916,1,81,148.23,4.0,855,1,Poppin' My Collar,Three 6 Mafia
37,565,853,205879,547,0.0,1,341,-7.535,1,194,142.065,4.0,677,1,Jumpman,Drake
38,128,747,213507,705,0.0,9,126,-5.137,0,126,136.024,4.0,571,1,7/11,Beyoncé
39,135,777,237187,591,5.5e-05,1,126,-7.431,0,327,124.111,4.0,848,1,Somebody's Watching Me,Rockwell
40,41,731,324541,852,625,11,358,-6.08,1,476,125.008,4.0,622,1,Bang That,Disclosure
41,356,0.76,186122,402,0.0,8,333,-8.751,1,164,147.028,4.0,69,1,I Don't Sell Molly No More,ILoveMakonnen
42,156,624,183000,792,1.54e-06,10,772,-5.33,0,473,139.94,4.0,318,1,Versace Python,Riff Raff
43,243,621,378893,683,856,11,525,-5.619,0,242,124.283,5.0,891,1,Monster,Kanye West
44,533,0.64,234526,819,0.0,7,156,-4.108,1,455,166.012,4.0,624,1,OOOUUU,Young M.A.
45,631,715,213093,833,0.0,2,164,-5.379,1,108,95.487,4.0,607,1,Return Of The Mack - C & J Street Mix,Mark Morrison
46,182,0.7,386160,756,711,2,575,-10.714,1,575,114.28,4.0,947,1,Fantastic Man,William Onyeabor
47,923,789,175240,494,408,1,144,-13.702,1,456,104.593,4.0,832,1,Right Place Wrong Time,Dr. John
48,375,796,252547,0.86,457,5,745,-6.202,0,653,129.008,3.0,973,1,Azon de ma gnin kpevi,T. P. Orchestre Poly-Rythmo
49,183,716,576888,957,58,3,182,-4.814,1,689,106.714,4.0,0.93,1,Odofo Nyi Akyiri Biara,Ebo Taylor
50,185,0.74,241341,846,624,2,254,-6.039,1,808,95.995,4.0,852,1,Annie,Neon Indian
51,638,0.7,224480,0.84,112,7,141,-6.227,0,292,132.475,4.0,745,1,The Chase,Future Islands
52,456,514,215613,453,181,6,178,-7.062,1,267,75.548,4.0,532,1,Coming Home,Leon Bridges
53,128,313,286960,0.77,787,7,873,-7.265,1,335,74.749,4.0,186,1,Wishes,Beach House
54,246,676,254769,528,0.0,7,803,-8.699,1,366,130.073,4.0,301,1,White Iverson,Post Malone
55,0.12,532,213622,596,0.0,11,504,-9.912,0,187,119.296,5.0,486,1,I Know There's Gonna Be (Good Times),Jamie xx
56,426,646,283067,629,277,8,122,-10.775,0,427,109.013,4.0,176,1,Loud Places,Jamie xx
57,193,598,238307,252,138,2,992,-15.086,1,647,120.06,4.0,359,1,L$D,A$AP Rocky
58,174,754,113373,442,9.4e-05,5,622,-8.873,0,127,148.04,4.0,599,1,Dopeman,Vince Staples
59,392,294,311360,786,865,2,272,-3.626,1,378,81.108,4.0,136,1,California Nights,Best Coast
60,435,622,287427,253,471,2,941,-14.36,1,331,92.584,4.0,328,1,Baby,Ariel Pink's Haunted Graffiti
61,257,559,225347,656,171,9,0.2,-8.699,0,469,79.638,4.0,671,1,Ain't No Love In The Heart Of The City - Single Version,"Bobby ""Blue"" Bland"
62,145,0.54,293646,945,753,9,667,-6.64,1,406,92.995,4.0,0.87,1,Fail to Cry,Yacht Club
63,273,793,232251,0.7,0.0,0,174,-6.641,0,572,140.058,4.0,887,1,Evil Friends (feat. Danny Brown) - Jake One Remix,Portugal. The Man
64,374,549,223720,715,3.5e-06,1,0.17,-11.164,1,633,82.118,4.0,785,1,Ikimiz Bir Fidaniz - Baris K Edit,Umit Aksu Orkestrasi
65,266,557,186397,607,771,0,0.33,-10.088,1,578,73.061,4.0,259,1,Sentimental Trash,Sweet Valley
66,546,597,279240,444,51,2,335,-8.39,0,0.03,120.074,4.0,361,1,Get Away,CHVRCHES
67,781,879,213786,512,1.45e-05,0,134,-7.83,1,775,127.95,4.0,277,1,Look At Wrist,Father
68,125,726,334173,497,0.89,10,104,-10.742,0,433,125.004,4.0,472,1,Our Love,Caribou
69,158,857,134062,831,0.0,2,154,-4.664,1,995,106.059,4.0,251,1,I Ain't Trippin off Nothin,Ezale
70,132,807,330920,778,666,0,109,-5.485,1,399,120.001,4.0,797,1,They Don't Know - Original Mix,Disciples
71,783,596,196627,639,569,0,331,-6.546,1,0.03,124.012,4.0,197,1,Sabali,Amadou & Mariam
72,518,683,155133,708,2.08e-05,4,175,-6.852,0,289,106.446,4.0,967,1,Spooky,Dusty Springfield
73,548,768,239908,853,0.13,10,188,-5.915,0,427,107.234,4.0,887,1,Pick Up The Pieces,Average White Band
74,727,506,160400,948,0.0,10,904,-5.626,1,105,130.195,4.0,936,1,Have Love Will Travel,The Sonics
75,313,457,293533,918,215,11,769,-5.295,0,471,105.018,4.0,297,1,Capitol,TR/ST
76,0.34,468,386760,0.58,821,7,737,-8.131,1,278,76.27,4.0,324,1,Uncast Shadow Of A Southern Myth,Parquet Courts
77,0.47,537,232453,447,1.86e-05,9,519,-8.261,1,289,84.362,3.0,549,1,I Shall Be Released - Remastered,Nina Simone
78,855,515,378253,217,463,3,598,-13.382,0,351,80.015,4.0,194,1,Words I Don't Remember,How To Dress Well
79,502,429,196933,725,1.54e-05,2,266,-6.156,1,371,82.925,4.0,174,1,To The Top,Twin Shadow
80,555,791,187210,0.58,155,8,116,-8.377,1,588,81.678,4.0,733,1,Them Changes (feat. Flying Lotus & Kamasi Washington),Thundercat
81,186,711,221350,705,0.0,10,148,-6.248,0,252,144.053,4.0,403,1,Aquafina (feat. GoldLink & Chaz French),Falcons
82,249,683,201049,824,627,1,533,-8.569,0,222,154.008,4.0,921,1,Hot Blur,How Sad
83,108,309,257867,325,854,6,742,-16.4,0,366,175.88,4.0,0.46,1,Summer Madness,Kool & The Gang
84,193,867,460400,733,219,10,749,-7.54,0,237,97.835,4.0,761,1,The Payback,James Brown
85,192,619,275533,734,263,5,771,-9.366,0,343,106.034,4.0,853,1,I'm In Love,Fool's Gold
86,776,898,429897,0.5,292,1,771,-11.089,1,571,122.281,4.0,868,1,I Need You Tonight,Punkin Machine
87,0.17,589,206240,745,406,7,376,-8.109,1,76,99.407,4.0,0.76,1,Everybody Likes Something Good,Ify Jerry Crusade
88,221,606,234987,668,1.65e-05,5,527,-9.168,0,729,158.859,4.0,958,1,Dadje Von O Von Non,Gnonnas Pédro
89,397,786,302840,547,272,1,378,-11.416,1,262,92.603,4.0,0.68,1,Sugah Daddy,D'Angelo
90,213,734,321933,548,0.0,11,512,-9.682,1,386,128.289,4.0,0.72,1,International Players Anthem,Swishahouse
91,454,812,268421,676,0.0,1,929,-4.502,1,491,114.047,4.0,399,1,Swerve,ILoveMakonnen
92,672,876,213246,606,1.06e-05,0,0.14,-5.471,1,645,127.975,4.0,249,1,Look At Wrist,Father
93,488,601,467587,873,365,1,113,-5.866,0,448,124.997,4.0,566,1,Let It Happen,Tame Impala
94,419,748,213053,741,0.0,6,147,-3.103,1,531,128.077,4.0,533,1,My Way (feat. Monty),Fetty Wap
95,0.17,615,214150,814,0.0,9,218,-3.903,0,677,144.005,4.0,601,1,Walk,Kwabs
96,604,799,333520,789,0.0,0,338,-8.208,1,396,116.081,4.0,833,1,The Magnificent Seven - Remastered,The Clash
97,571,398,247390,776,172,9,303,-7.388,0,374,110.815,4.0,689,1,NOBO,Tijuana Panthers
98,716,685,427227,423,518,11,765,-9.031,0,475,138.034,4.0,649,1,The Gaudy Side of Town,Gayngs
99,151,706,299799,581,0.0,9,368,-6.492,1,55,134.009,4.0,463,1,U Mad,Vic Mensa
100,228,0.63,315595,0.98,661,1,487,-4.914,1,59,108.009,4.0,805,1,Slumlord,Neon Indian
101,17,0.57,237480,736,5.74e-05,9,178,-5.822,1,844,99.86,4.0,267,1,Leave A Trace,CHVRCHES
102,247,525,292760,643,0.0,5,106,-6.874,0,816,199.727,4.0,943,1,Willing & Able,Disclosure
103,123,698,236760,793,0.0,1,805,-5.332,0,105,129.948,4.0,0.46,1,White Girl,Shy Glizzy
104,705,763,213375,773,32,0,772,-4.722,1,533,130.025,4.0,347,1,Maneuvering,ILoveMakonnen
105,181,511,160907,769,0.0,4,921,-7.032,1,42,129.657,4.0,814,1,Be My Baby,The Ronettes
106,378,506,159253,813,293,4,276,-5.78,1,392,108.212,4.0,855,1,Why Don't They Let Us Fall in Love,The Ronettes
107,677,513,162040,494,6.43e-05,0,143,-5.072,1,315,135.894,4.0,521,1,Will You Love Me Tomorrow,The Shirelles
108,488,251,126827,868,7.34e-06,1,818,-2.685,1,128,177.125,4.0,587,1,One Fine Day,The Chiffons
109,487,559,111270,633,0.0,7,164,-3.265,1,329,72.496,4.0,842,1,He's So Fine - 2000 Digital Remaster,The Chiffons
110,0.7,431,158685,678,6.37e-06,4,199,-7.945,1,365,135.919,4.0,632,1,Then He Kissed Me,The Crystals
111,403,683,142333,0.71,0.0,9,86,-7.445,1,114,128.181,4.0,0.93,1,It's My Party,Lesley Gore
112,656,0.78,149440,599,0.0,2,129,-10.251,1,329,121.198,4.0,967,1,Please Mr. Postman,The Marvelettes
113,904,614,196352,907,131,4,0.36,-2.536,0,143,122.906,4.0,354,1,Fiesta - Remix,Bomba Estéreo
114,141,661,196615,531,0.0,7,136,-10.113,0,548,93.287,5.0,657,1,Queen's Speech 4,Lady Leshurr
115,119,564,213622,594,0.0,11,536,-9.912,0,155,89.394,4.0,489,1,I Know There's Gonna Be (Good Times),Jamie xx
116,659,751,202533,597,0.0,9,881,-6.59,0,125,123.997,4.0,168,1,With That (feat. Duke),Young Thug
117,257,896,267024,623,258,2,39,-8.008,1,571,134.962,4.0,564,1,Hotline Bling,Drake
118,256,618,196693,717,0.0,7,625,-5.738,1,318,190.05,4.0,601,1,679 (feat. Remy Boyz),Fetty Wap
119,244,746,222093,873,0.0,7,354,-3.803,1,128,148.075,4.0,808,1,Trap Queen,Fetty Wap
120,13,888,200080,483,4.85e-06,6,926,-7.797,1,154,125.008,4.0,221,1,No Type,Rae Sremmurd
121,127,443,318750,645,952,6,122,-6.24,1,515,128.044,4.0,138,1,Chasing Heaven,Bassnectar
122,943,507,282273,934,18,8,222,-2.325,0,188,175.954,4.0,472,1,Speakerbox (feat. Lafa Taylor),Bassnectar
123,758,695,253773,912,103,10,302,-3.331,0,193,160.043,4.0,612,1,Movin' Bass - GTA Remix,Rick Ross
124,674,462,226333,449,632,0,993,-9.271,0,916,209.686,4.0,748,1,Danger and Dread,Brown Bird
125,161,526,241440,712,0.0,11,179,-6.525,0,356,105.009,4.0,299,1,Midnight City,M83
126,107,645,591707,924,266,10,982,-7.697,0,569,90.852,4.0,886,1,Water No Get Enemy - Edit,Fela Kuti
127,134,405,592920,647,7.62e-05,5,819,-6.109,0,482,131.952,4.0,204,1,Pyramids,Frank Ocean
128,219,735,269817,641,0.89,7,168,-6.177,0,284,105.993,4.0,886,1,Hercules Theme,Hercules & Love Affair
129,452,746,238146,416,7.77e-05,11,0.12,-6.607,1,482,132.036,4.0,216,1,Rewind,Kelela
130,551,547,251093,643,0.0,1,267,-8.904,1,227,143.064,4.0,187,1,My Sub (Pt. 2: The Jackin') - Album Version (Edited),Big K.R.I.T.
131,224,634,221960,609,0.0,6,99,-8.982,1,172,83.021,4.0,659,1,Kush,Lil Wayne
132,244,607,253800,488,177,8,113,-8.704,1,193,77.021,4.0,0.16,1,9,Willow
133,668,704,199246,647,1.93e-06,10,101,-7.874,0,171,92.002,4.0,694,1,Magnets,Disclosure
134,7.19e-05,558,258187,642,746,5,201,-5.206,0,321,99.977,4.0,492,1,Don't Move,Phantogram
135,227,698,248053,804,599,4,566,-6.616,1,111,92.001,4.0,786,1,Pussy,Brazilian Girls
136,103,772,191160,582,6.61e-05,4,323,-5.96,0,309,172.03,4.0,564,1,Black Mags,The Cool Kids
137,956,788,238467,864,0.0,11,335,-5.767,1,335,133.295,4.0,678,1,Stay Fly - Explicit Album Version,Three 6 Mafia
138,919,944,261973,839,0.0,11,921,-4.141,1,108,136.019,4.0,891,1,Sippin On Some Syrup,Three 6 Mafia
139,354,729,176880,795,0.0,7,536,-4.579,1,144,146.747,4.0,853,1,Poppin' My Collar - feat. Project Pat - Explicit,Three 6 Mafia
140,469,721,228933,621,103,1,199,-4.378,1,306,159.967,4.0,578,1,Sittin' Sidewayz - feat. Big Pokey Explicit,Paul Wall
141,102,798,227587,751,3.22e-06,1,271,-6.335,1,263,162.003,4.0,482,1,Gold and a Pager,The Cool Kids
142,512,851,224653,387,0.0,0,996,-13.584,1,334,116.629,4.0,365,1,Smell Yo D*ck,Riskay
143,252,0.34,147467,805,0.0,7,138,-3.397,1,387,167.922,4.0,654,1,Don't Wanna Lose,Ex Hex
144,221,767,194066,891,723,4,935,-6.426,1,402,122.026,4.0,779,1,Endless Rhythm,Baio
145,937,772,220093,635,18,0,961,-8.412,1,536,168.039,4.0,592,1,Demon,Shamir
146,2.13e-05,259,350920,847,823,2,133,-6.298,1,332,150.162,4.0,682,1,Nothing Ever Happened,Deerhunter
147,284,633,226747,0.77,0.0,10,308,-6.954,0,327,149.97,4.0,324,1,Oh My Darling Don't Meow (Just Blaze Remix),Run The Jewels
148,962,654,252095,292,31,2,106,-12.977,1,474,153.547,4.0,111,1,River,Ibeyi
149,334,726,221787,583,135,0,122,-6.434,0,0.23,140.943,4.0,0.48,1,The Buzz (feat. Mataya & Young Tapz),Hermitude
150,648,855,310907,638,0.0,9,162,-4.968,0,143,122.967,4.0,433,1,All Day,Kanye West
151,185,704,282253,431,972,8,249,-7.893,1,131,146.003,4.0,349,1,Blood On the Money,Future
152,689,658,238560,179,0.0,8,0.17,-10.866,1,448,128.128,4.0,197,1,River,Leon Bridges
153,472,502,244204,833,43,2,352,-4.982,1,638,142.053,4.0,593,1,Trust Me Danny,ILoveMakonnen
154,157,0.79,217707,676,0.0,8,0.25,-6.432,0,271,132.002,4.0,314,1,Big Rings,Drake
155,233,738,242188,849,317,2,309,-6.246,1,822,95.987,4.0,863,1,Annie,Neon Indian
156,212,777,500550,739,868,9,109,-9.089,1,39,119.992,4.0,201,1,Acamar,Frankey
157,734,791,219333,779,0.0,7,832,-5.972,1,235,110.037,4.0,581,1,Alright,Kendrick Lamar
158,0.19,735,275840,0.41,0.0,11,341,-8.735,0,0.2,114.812,4.0,0.16,1,Know Yourself,Drake
159,188,556,294360,582,911,6,229,-10.65,0,357,131.023,4.0,516,1,Deicide,Crystal Castles
160,461,427,206387,465,5.52e-05,6,154,-6.595,1,291,112.137,3.0,462,1,Coming Home,Leon Bridges
161,111,563,176361,0.81,2.71e-05,8,142,-9.158,1,372,99.996,4.0,767,1,Hercules Theme 2014,Hercules & Love Affair
162,496,753,256320,708,123,6,872,-7.217,0,223,115.004,4.0,445,1,Forever,Majid Jordan
163,149,785,262979,764,813,4,201,-5.245,0,0.04,93.984,4.0,961,1,Next to You,Poolside
164,682,557,293910,608,263,5,196,-7.657,0,862,109.67,4.0,211,1,Papi Pacify,FKA twigs
165,489,594,235693,0.42,452,4,833,-8.467,0,31,140.04,4.0,311,1,Magnolia,Young & Sick
166,259,644,237120,758,708,5,726,-7.859,1,458,108.99,4.0,752,1,Dark Matter,Feathers
167,217,704,185437,657,118,10,888,-7.172,0,0.35,150.058,4.0,804,1,Callie (feat. Vic Mensa),Donnie Trumpet
168,472,849,217693,408,0.0,6,101,-8.67,0,284,99.876,4.0,337,1,Wu-Tang Forever,Drake
169,228,628,260947,568,183,10,906,-10.695,1,0.14,191.404,4.0,618,1,Fame (2007 Remastered),David Bowie
170,689,717,224933,862,0.0,8,321,-4.736,1,54,130.021,4.0,512,1,We Dem Boyz,Wiz Khalifa
171,109,584,243480,0.68,1.03e-06,9,129,-4.685,0,524,104.89,4.0,326,1,Ego Free Sex Free,Autre Ne Veut
172,246,586,374133,806,167,1,353,-9.542,1,548,110.325,4.0,207,1,Her Fantasy,Matthew Dear
173,399,648,560600,0.85,294,1,0.35,-6.277,1,439,112.014,4.0,559,1,Little People (Black City),Matthew Dear
174,37,807,250130,785,763,8,0.18,-7.928,1,148,124.051,4.0,421,1,Confess To Me,Disclosure
175,789,577,355881,941,207,10,342,-4.338,1,422,99.995,4.0,381,1,Let Me Show You Love,Cut Copy
176,141,0.5,256093,593,6.21e-06,1,969,-4.34,1,898,68.456,4.0,325,1,New Slaves,Kanye West
177,108,804,336160,708,636,10,528,-5.099,0,394,141.996,4.0,966,1,Sexy Socialite,Chromeo
178,108,787,273853,658,152,8,0.13,-5.379,0,324,110.983,4.0,867,1,Okay,Holy Ghost!
179,107,246,230230,784,5.71e-06,5,825,-5.004,1,529,153.027,4.0,189,1,Weight,Mikal Cronin
180,107,882,284027,743,152,7,327,-6.972,1,141,123.97,4.0,678,1,When A Fire Starts To Burn,Disclosure
181,315,628,308527,824,543,0,999,-7.983,1,112,122.01,4.0,0.86,1,When A Fire Starts To Burn - Midland Remix,Disclosure
182,807,451,179947,0.79,0.0,11,394,-4.261,0,461,127.142,4.0,674,1,Fake Tales Of San Francisco,Arctic Monkeys
183,0.64,518,405027,385,536,9,931,-11.125,0,286,100.878,4.0,264,1,Billie Holiday,Warpaint
184,414,774,269867,901,4.84e-06,9,873,-5.398,0,216,128.024,4.0,768,1,Goody Two Shoes,Duck Sauce
185,127,547,245293,635,5.01e-06,2,585,-5.569,1,137,113.678,4.0,496,1,The Wire,HAIM
186,585,552,283636,878,892,1,746,-5.767,1,353,176.057,4.0,603,1,Awake,Tycho
187,856,542,216827,946,5.38e-06,10,386,-6.307,1,505,108.496,4.0,389,1,Man I Need,Jagwar Ma
188,19,695,246521,0.94,0.8,7,623,-2.935,1,127,100.262,4.0,337,1,N.O. Bounce,Big Freedia
189,488,633,224720,492,47,2,758,-7.672,1,524,114.845,4.0,357,1,Now Is Not The Time,CHVRCHES
190,365,312,222719,445,38,11,0.13,-7.202,0,305,97.967,4.0,308,1,No Rest For The Wicked,Lykke Li
191,0.17,0.43,154414,436,0.0,8,128,-4.816,1,119,90.053,4.0,0.22,1,Holdin On,Flume
192,346,0.19,230693,908,369,0,241,-4.679,1,111,148.951,4.0,181,1,Rocking Chair,The Districts
193,361,312,281360,907,618,7,363,-6.571,1,229,120.286,4.0,122,1,Marriage,Gold Panda
194,818,539,224907,582,717,7,0.15,-7.414,1,328,95.07,4.0,249,1,Ride On / Right On,Phosphorescent
195,613,698,230200,878,1.61e-05,8,518,-307,1,314,182.126,4.0,816,1,GodLovesUgly,Atmosphere
196,275,476,195200,818,757,2,279,-7.933,1,318,159.089,4.0,745,1,New York City,Christopher Owens
197,64,568,322544,936,99,0,148,-6.365,1,504,150.067,4.0,792,1,Moving to the Left,Woods
198,192,558,301573,0.74,8.97e-06,6,129,-6.22,1,448,118.293,4.0,214,1,All These Things That I've Done,The Killers
199,212,604,187253,894,0.0,2,299,-5.0,1,37,145.014,4.0,893,1,Junk of the Heart (Happy),The Kooks
200,516,718,224267,921,473,5,315,-3.978,0,375,121.922,4.0,898,1,When The Night Falls - feat. Solange Knowles,Chromeo
201,855,737,332453,545,9.32e-05,6,153,-8.536,0,362,140.086,4.0,438,1,Mercy,Kanye West
202,293,769,214333,712,2.12e-06,8,103,-4.692,0,29,120.975,4.0,948,1,Don't You Evah,Spoon
203,731,567,343784,506,205,1,103,-8.742,1,264,116.392,4.0,354,1,We Exist,Arcade Fire
204,467,817,213059,588,1.51e-06,7,911,-6.603,1,399,119.934,4.0,448,1,Le Goudron (Edit),YACHT
205,411,767,179240,912,402,1,288,-1.157,1,54,144.084,4.0,496,1,Double Bubble Trouble,M.I.A.
206,195,0.77,391686,895,897,7,455,-8.102,0,488,120.986,4.0,678,1,Careless,Dusky
207,827,712,279800,0.77,548,10,726,-13.187,0,345,106.963,4.0,973,1,Look at You,George McCrae
208,0.39,706,131250,577,692,0,407,-6.226,0,299,96.056,4.0,385,1,How Did I Get Here,ODESZA
209,471,542,227160,799,161,4,814,-3.641,0,354,92.215,4.0,426,1,Black Out Days,Phantogram
210,827,583,248213,776,3.81e-05,3,298,-5.293,1,661,126.536,4.0,782,1,Bang! Bang!,Joe Cuba
211,628,727,289267,548,526,10,133,-7.393,1,291,107.826,4.0,0.93,1,Every 1's A Winner - Single Version,Hot Chocolate
212,919,0.45,201602,782,101,11,123,-6.769,1,364,173.954,4.0,209,1,Unbound,Cathedrals
213,27,602,215518,764,53,10,822,-4.897,0,435,105.997,5.0,468,1,Operate,ASTR
214,385,415,359800,681,0.0,2,101,-4.104,0,189,171.893,4.0,372,1,Blood On The Leaves,Kanye West
215,304,614,315000,838,297,10,166,-6.896,1,28,127.971,4.0,584,1,Come Save Me,Jagwar Ma
216,105,901,212712,744,7.79e-06,0,964,-3.484,1,283,135.95,4.0,606,1,Hannah Montana,Migos
217,359,0.7,218733,986,221,0,963,-4.403,1,573,123.033,4.0,0.64,1,High School Lover,Cayucas
218,119,583,202710,843,0.0,1,602,-7.416,0,409,108.066,5.0,422,1,They Come in Gold,Shabazz Palaces
219,112,0.6,215000,586,535,7,115,-9.414,1,296,129.952,4.0,193,1,Tides of Neptune,Virgo
220,251,786,255094,706,213,9,142,-6.212,0,537,120.011,4.0,318,1,Cocaine Model,ZHU
221,696,512,287147,821,0.33,9,998,-7.442,0,334,149.988,4.0,396,1,Light House,Future Islands
222,403,791,199973,664,0.0,7,0.61,-5.713,1,831,149.939,4.0,0.96,1,Pass The Dutchie,Musical Youth
223,849,533,378253,213,565,3,449,-13.437,0,342,80.004,4.0,196,1,Words I Don't Remember,How To Dress Well
224,862,731,178987,0.75,388,2,202,-10.457,1,321,135.406,4.0,648,1,I Would Die 4 U,Prince
225,156,853,356560,532,0.88,1,643,-13.443,1,121,99.989,4.0,499,1,Bless My Soul,Nightmares On Wax
226,398,674,313147,501,123,2,818,-12.907,0,579,107.363,4.0,567,1,Heaven And Hell Is On Earth,20th Century Steel Band
227,448,788,243800,617,0.0,2,88,-4.516,1,651,122.065,4.0,0.13,1,Upper Echelon,Travis Scott
228,686,745,384907,857,0.2,0,22,-5.754,1,393,115.945,4.0,946,1,Flying High (Part 1),Cloud One
229,107,621,240760,796,187,8,719,-6.179,0,327,140.012,4.0,288,1,Go,Grimes
230,377,818,242067,528,0.0,2,131,-10.666,0,716,120.368,4.0,895,1,Spill The Wine,Eric Burdon
231,988,856,247800,874,472,11,339,-8.037,0,401,122.416,4.0,0.91,1,Got To Give It Up (Part 1),Marvin Gaye
232,913,614,286315,857,0.0,2,69,-8.85,0,859,85.125,4.0,944,1,Never Gonna Give You Up,Barry White
233,778,729,289627,527,0.0,9,382,-6.338,1,708,126.012,4.0,0.23,1,Sanctified,Rick Ross
234,608,0.42,151853,776,107,11,248,-8.827,1,451,114.217,4.0,416,1,It #1,Ty Segall
235,11,757,280427,578,672,0,127,-3.886,1,386,102.96,4.0,952,1,Dangerous (feat. Joywave),Big Data
236,249,618,221840,538,1.37e-05,2,352,-5.828,0,319,79.925,4.0,299,1,Counting,Autre Ne Veut
237,642,657,175333,393,4.03e-05,0,0.14,-7.667,1,367,99.946,4.0,266,1,You're the Best,Wet
238,538,879,313493,495,333,7,827,-10.584,0,765,102.652,4.0,797,1,Estrelar,Marcos Valle
239,172,496,190582,0.54,367,7,0.13,-7.121,0,324,131.337,5.0,172,1,Hold On We're Going Home,ASTR
240,639,742,256693,945,165,5,131,-6.445,1,428,112.977,4.0,748,1,Uncle ACE,Blood Orange
241,245,623,227907,0.65,913,10,146,-7.953,1,274,116.74,4.0,884,1,San Francisco,Foxygen
242,101,736,258387,0.68,897,4,922,-7.036,0,361,120.995,4.0,793,1,Stay High - Habits Remix,Tove Lo
243,254,482,139267,0.96,2.43e-06,0,294,-5.269,0,126,113.263,4.0,539,1,Crosstown Traffic,Jimi Hendrix
244,117,683,175357,0.86,379,7,356,-7.317,1,0.31,143.311,4.0,317,1,Ziggy Starfish (Anxiety Raps) [feat. Gold Panda],Open Mike Eagle
245,626,697,181149,655,774,1,353,-9.781,0,0.15,86.969,4.0,436,1,Marijuana,Chrome Sparks
246,479,631,187617,626,0.0,9,108,-7.747,0,114,107.007,4.0,104,1,Crown Violet - Bonus Track,Azizi Gibson
247,957,747,202349,722,519,8,208,-7.33,1,349,100.215,4.0,0.56,1,Glad I Met You,D. Gookin
248,251,569,265827,0.74,2.68e-06,0,134,-6.235,1,283,180.559,4.0,709,1,Dancing In The Rain,Blu
249,29,674,202733,832,5.56e-06,9,927,-3.593,1,616,102.833,4.0,807,1,You Know I'm No Good - Ghostface UK Version,Amy Winehouse
250,744,578,246007,947,816,11,105,-2.431,0,36,134.034,4.0,452,1,Kill V. Maim,Grimes
251,449,586,217120,658,368,10,109,-9.71,0,457,144.933,4.0,276,1,Life Round Here,James Blake
252,275,756,206378,0.44,0.0,1,101,-9.973,0,179,112.14,4.0,307,1,Sitting Pretty (feat. Wiz Khalifa),Ty Dolla $ign
253,212,723,322050,687,5.83e-05,11,137,-7.019,0,373,95.237,4.0,867,1,"Glyde 2nyte (feat. Leon Sylvers III, Leon Sylvers IV)",Dâm-Funk
254,559,599,243589,645,108,0,857,-6.098,1,315,141.209,4.0,371,1,Clouds Over the Pacific,James Pants
255,333,586,238507,671,916,10,521,-9.787,0,445,91.412,4.0,771,1,Distant Land,Madlib
256,332,749,267800,802,499,7,611,-6.159,0,471,106.077,4.0,824,1,Flashlight,Parliament
257,539,689,171560,0.83,0.0,8,882,-8.774,1,954,140.732,4.0,822,1,Can You Get To That,Funkadelic
258,257,283,186369,331,489,0,174,-7.459,0,315,101.797,3.0,151,1,Better,Banks
259,193,413,216771,676,0.0,6,0.1,-7.639,0,241,71.607,4.0,601,1,Pony,Pretty Sister
260,181,932,192773,819,6.81e-06,8,577,-3.484,0,203,119.941,4.0,552,1,WTF (Where They From) [feat. Pharrell Williams],Missy Elliott
261,62,748,312240,733,0.0,11,329,-4.421,0,72,93.019,4.0,273,1,Again,Fetty Wap
262,108,0.53,194613,433,0.0,6,135,-10.598,1,185,160.14,4.0,272,1,Exchange,Bryson Tiller
263,196,388,238000,688,883,5,781,-8.407,0,708,170.678,3.0,804,1,Sugar for the Queen,Bells Atlas
264,667,371,275013,703,186,3,986,-7.358,1,404,120.599,4.0,558,1,Symphony of the Nymph,Ariel Pink's Haunted Graffiti
265,124,875,347667,532,123,10,314,-13.265,0,686,116.556,4.0,704,1,Cool It Now,New Edition
266,74,523,215867,722,336,6,122,-6.533,1,307,129.424,4.0,496,1,Jumpin' Jack Flash,Ananda Shankar
267,962,654,252095,292,31,2,106,-12.977,1,474,153.547,4.0,111,1,River,Ibeyi
268,455,847,191541,654,622,5,674,-6.443,0,113,119.998,4.0,624,1,You Know You Like It - Bondax Remix,AlunaGeorge
269,15,836,229715,537,103,4,805,-9.854,0,261,160.188,4.0,0.43,1,Batuque (Jeremy Sole & Atropolis Remix),Dom La Nena
270,172,413,273545,555,309,11,256,-9.699,0,427,121.976,4.0,542,1,Mykonos (feat. Fleet Foxes),Rhythms Del Mundo
271,123,473,153973,865,968,0,897,-6.391,1,332,100.018,4.0,554,1,So Destroyed (channeling Rage Peace),Prince Rama
272,593,609,207301,641,585,8,105,-5.309,1,266,84.957,4.0,844,1,Bitch,Allie X
273,174,544,181400,427,248,9,133,-8.33,0,298,139.939,4.0,189,1,Locket,Kilo Kish
274,59,379,325500,674,1.04e-05,8,957,-5.762,0,305,99.797,3.0,647,1,Apathy,Shlohmo
275,304,316,245880,748,139,2,608,-8.187,1,413,79.337,4.0,239,1,It All Feels Right,Washed Out
276,0.29,857,222573,484,3.04e-06,10,112,-6.232,0,148,107.434,4.0,729,1,Last Chance to Dance,Ekkah
277,412,389,215560,884,172,9,0.31,-4.602,1,741,128.604,4.0,399,1,The Righteous One,The Orwells
278,492,519,282659,793,0.93,10,235,-9.83,0,777,164.032,4.0,222,1,The New International Sound,GENER8ION
279,384,478,281774,0.6,808,5,987,-11.025,0,356,143.98,4.0,635,1,Like Lust,MOVEMENT
280,978,706,362413,643,955,2,103,-9.357,0,859,160.026,4.0,808,1,Rhythm of Devotion,Sisyphus
281,621,736,190440,539,312,1,0.12,-8.316,1,936,147.73,4.0,761,1,Zion Gate Dub,King Tubby
282,81,651,253587,0.77,6.54e-05,0,114,-8.08,0,274,112.923,4.0,738,1,Enjoy The Silence - Remastered Version Original,Depeche Mode
283,269,869,270520,658,299,8,115,-5.025,1,36,109.998,4.0,244,1,Fried Neck Bones And Some Home Fries - Dan The Automator Remix,Willie Bobo
284,428,624,238427,852,656,1,114,-10.184,1,153,135.223,4.0,517,1,Archangel,Burial
285,699,386,328966,509,872,2,131,-12.745,0,34,129.982,4.0,254,1,"Lone Wolf and Cub (feat. Herbie Hancock, Flying Lotus, Miguel Atwood-Ferguson & Mono/poly)",Thundercat
286,0.22,234,207186,747,176,11,157,-3.332,0,577,81.805,4.0,365,1,Skyscraper,Elephant
287,516,525,216520,797,"5,00E-06",1,152,-11.168,0,656,100.518,4.0,769,1,I Want You - Single Version,Marvin Gaye
288,564,521,208613,888,226,8,633,-5.197,1,357,81.971,4.0,264,1,"The New International Sound, Pt. 2 (feat. M.I.A.)",GENER8ION
289,504,719,181459,697,0.0,2,295,-5.647,1,0.31,117.123,4.0,668,1,Suede (feat. Anderson Paak & Knxwledge),NxWorries
290,825,722,196507,605,178,5,248,-6.07,1,153,165.998,4.0,0.69,1,Bam Bam,Sister Nancy
291,453,806,218280,696,5.71e-06,11,785,-5.109,1,502,127.023,4.0,131,1,Alright,Logic
292,259,763,156484,491,902,9,0.14,-8.587,0,316,93.024,4.0,475,1,Rainy Streets,Blue In Green
293,403,736,168451,0.68,5.49e-06,9,116,-6.438,1,342,149.902,4.0,601,1,Hazelton Trump,OB OBrien
294,141,651,256667,824,6.02e-06,0,129,-9.368,1,617,141.226,4.0,731,1,Free Stress Test,Professor Murder
295,127,479,278147,609,0.0,11,815,-8.678,0,236,107.699,5.0,522,1,I'm Ya Dogg,Snoop Dogg
296,379,535,293213,374,464,9,914,-8.83,1,317,121.93,3.0,339,1,Hot Dreams,Timber Timbre
297,861,356,242253,567,0.0,0,137,-7.011,0,798,135.553,5.0,116,1,The Hills,The Weeknd
298,0.26,753,200213,0.9,102,11,165,-1.866,0,322,119.72,4.0,967,1,"When They Fight, They Fight",Generationals
299,32,694,273949,789,129,4,127,-5.201,0,378,109.014,4.0,549,1,The River,Son Little
300,356,483,229893,804,1.6e-06,8,736,-3.452,1,501,73.048,4.0,803,1,Rill Rill,Sleigh Bells
301,453,878,372096,0.43,751,11,101,-8.445,0,658,119.999,4.0,138,1,Awake,Santé
302,0.19,703,228040,412,5.26e-06,6,221,-9.827,0,288,152.219,4.0,815,1,Johnny Was,Bob Marley & The Wailers
303,407,688,192040,488,0.0,11,0.43,-14.195,0,357,69.77,4.0,708,1,Monster Mash,"Bobby ""Boris"" Pickett"
304,854,316,659560,308,888,2,585,-15.944,1,411,103.459,4.0,933,1,Night on Bald Mountain,Modest Mussorgsky
305,153,725,230400,918,328,10,113,-4.912,0,676,125.009,4.0,191,1,Feel The Volume,Jauz
306,321,749,308947,422,155,1,0.11,-11.004,0,733,98.82,4.0,587,1,Water Me (feat. Leon Ware),Theophilus London
307,79,771,248991,248,0.1,5,341,-20.815,0,802,139.937,4.0,281,1,Kathy Lee,Jessy Lanza
308,259,0.69,225533,548,243,10,106,-9.587,0,352,121.509,4.0,693,1,Love Buzz,Shocking Blue
309,58,648,201848,887,0.0,1,382,-4.536,0,188,102.128,4.0,464,1,Beautiful Life (feat. Action Bronson & Joey Bada$$),Statik Selektah
310,498,403,274480,742,0.0,11,418,-5.889,0,338,90.336,4.0,734,1,Auditorium,Mos Def
311,803,664,472013,727,253,0,0.38,-8.738,1,263,77.92,4.0,527,1,Disco Devil,"Lee ""Scratch"" Perry"
312,118,704,288347,894,115,6,386,-7.415,1,243,98.946,4.0,408,1,Frontier Psychiatrist,The Avalanches
313,189,554,252140,749,0.39,10,124,-7.365,1,266,168.045,4.0,824,1,Had Ten Dollaz,Cherry Glazerr
314,174,446,241800,752,0.0,6,128,-6.088,1,368,96.318,4.0,585,1,Sometimes,Heems
315,124,612,265133,628,0.85,1,231,-7.82,1,447,172.176,4.0,373,1,VHS Sex,Com Truise
316,838,587,235440,866,3.55e-05,9,0.15,-6.444,1,816,107.986,3.0,0.42,1,Ambling Alp,Yeasayer
317,429,551,141493,952,686,7,721,-4.886,1,944,136.958,4.0,628,1,All Day And All Of The Night,The Kinks
318,419,331,133093,957,0.0,7,102,-6.101,0,504,143.299,4.0,561,1,Strychnine,The Sonics
319,106,912,194040,317,208,6,723,-12.719,0,378,99.346,4.0,949,1,Who Is He (And What Is He to You?),Bill Withers
320,211,697,236456,905,893,6,119,-7.787,0,339,119.977,4.0,311,1,Acamar,Frankey
321,799,883,382015,333,804,5,257,-17.848,0,53,121.099,4.0,964,1,It Looks Like Love,Goody Goody
322,236,733,232375,0.87,102,0,327,-6.199,1,624,118.449,4.0,657,1,Freak Connection - Edit,Cerrone
323,602,803,446307,579,627,10,226,-11.156,0,59,108.567,4.0,726,1,"I'll Be Good - 12"" Mix",Rene & Angela
324,219,698,223191,515,0.0,4,124,-13.029,1,605,85.023,4.0,712,1,Here I Come (Broader Than Broadway),Barrington Levy
325,138,677,144280,905,0.0,6,219,-4.597,1,721,89.988,4.0,742,1,Swords,M.I.A.
326,169,648,197800,862,0.0,1,937,-4.527,0,777,127.857,4.0,176,1,Hands On The Wheel,ScHoolboy Q
327,315,0.65,190734,448,0.0,5,931,-9.979,1,947,85.045,4.0,193,1,Kush High,Eighty4 Fly
328,518,672,248372,527,0.26,9,946,-12.702,0,111,87.996,4.0,356,1,Métele,Buscabulla
329,567,838,194828,537,799,8,991,-11.689,1,116,121.986,4.0,357,1,What I Might Do,Ben Pearce
330,286,0.76,479547,391,691,1,582,-8.73,1,353,116.873,4.0,965,1,Atomic Bomb,William Onyeabor
331,909,646,279200,621,124,0,249,-11.358,1,747,90.986,4.0,408,1,World Restart,Kindness
332,445,808,237853,687,0.3,9,933,-8.668,1,397,109.953,4.0,458,1,Swingin' Party,Kindness
333,119,716,263817,647,1.38e-05,1,121,-4.008,1,345,131.04,4.0,159,1,Antidote,Travis Scott
334,111,846,233387,501,257,11,883,-6.076,1,334,118.001,4.0,825,1,Pieces,Tanlines
335,388,704,745653,942,147,2,302,-5.115,0,171,131.69,4.0,584,1,Zombie,Fela Kuti
336,2.84e-06,305,97560,827,245,5,335,-5.789,1,147,159.882,4.0,463,1,Time-Out,Terror Train
337,115,0.82,349720,616,445,4,82,-8.427,0,361,127.86,4.0,972,1,Let's Lovedance Tonight - Danny Krivit Re-edit - Dk Re-Edit,Gary's Gang
338,136,185,105858,0.89,0.0,2,777,-4.182,1,524,163.315,4.0,322,1,I'm a Dildo,No Parents
339,328,562,238457,801,0.0,11,605,-3.069,0,267,169.988,4.0,634,1,Do It (High School Dropout),Tayyib Ali
340,376,565,217648,0.86,121,11,119,-5.449,1,285,95.019,4.0,782,1,Cadillac Girl,Only Real
341,196,464,199053,772,88,2,716,-5.046,0,397,107.651,4.0,627,1,Today,Tom Scott
342,248,576,235187,602,609,0,144,-6.591,0,315,141.345,4.0,0.57,1,"The Buzz (feat. Big K.R.I.T., Mataya & Young Tapz) - Bonus Track",Hermitude
343,686,388,220467,598,0.0,4,657,-9.485,0,296,154.78,4.0,641,1,I Choose You,Willie Hutch
344,602,637,156430,498,119,1,305,-9.367,1,231,92.227,4.0,931,1,The Way You’d Love Her,Mac Demarco
345,893,636,235813,0.72,178,11,868,-6.195,1,432,124.944,4.0,444,1,Shooting Stars,Bag Raiders
346,141,688,324437,587,0.92,2,421,-8.521,1,46,125.012,4.0,757,1,Bloom - Lane 8 Remix,ODESZA
347,469,766,237867,0.82,0.0,2,336,-5.851,1,124,117.012,4.0,401,1,Pacifier,Young Thug
348,133,402,206920,794,0.0,11,133,-3.982,0,125,195.058,3.0,706,1,Powerful,Major Lazer
349,157,599,218342,524,0.0,1,238,-8.036,1,0.13,83.013,4.0,0.44,1,Unbreakable,Janet Jackson
350,371,837,245581,492,401,0,102,-7.792,1,354,85.951,4.0,407,1,It's Strange (feat. K.Flay),Louis The Child
351,124,612,231765,858,0.0,7,984,-5.437,0,478,145.306,4.0,451,1,Make Them Gold,CHVRCHES
352,0.19,0.63,348742,671,753,6,466,-7.727,0,602,96.478,4.0,142,1,Don't Mean A Thing,Lapalux
353,953,614,237073,858,559,6,125,-7.068,0,97,164.025,4.0,477,1,White Lies - The Soundmen Remix,Max Frost
354,0.27,446,259765,0.89,661,7,451,-7.974,1,308,170.002,4.0,503,1,Sophia So Far,Goodnight Radio
355,846,481,263187,851,907,7,178,-4.528,1,127,174.144,4.0,852,1,Nimble Girl,Hotel Eden
356,855,293,202160,792,111,7,133,-3.747,1,363,161.933,4.0,696,1,Grinder,Gary Clark Jr.
357,128,889,272720,597,4,9,924,-7.301,0,374,119.999,4.0,261,1,Choices (Yup),E-40
358,88,673,347613,857,108,4,754,-7.493,0,422,109.99,4.0,457,1,Two Brothers,Hanni El Khatib
359,406,536,238893,922,8.92e-05,2,214,-6.247,1,667,121.977,4.0,368,1,Walkabout (W/ Noah Lennox),Atlas Sound
360,377,575,215973,691,563,5,657,-7.595,0,301,131.588,4.0,718,1,Ferus Gallery,Allah-Las
361,21,571,237680,719,0.0,11,458,-7.206,0,378,80.694,4.0,538,1,Everybody Loves The Sunshine,Roy Ayers Ubiquity
362,466,784,252663,803,1.57e-05,9,773,-3.458,0,597,111.044,4.0,0.79,1,Number One,Tuxedo
363,0.16,746,179091,682,0.0,7,177,-6.353,1,117,98.977,4.0,836,1,Sick Beat,Kero Kero Bonito
364,266,444,217733,498,299,2,135,-7.631,1,199,119.914,4.0,294,1,She a Go (feat. Spinn & Taso),DJ Rashad
365,833,736,218312,882,349,11,354,-4.285,0,398,126.012,4.0,512,1,Lost You,Zeds Dead
366,445,915,183159,0.54,3.63e-05,7,0.11,-6.578,1,661,100.039,4.0,113,1,Norf Norf,Vince Staples
367,304,0.75,229588,835,0.0,4,165,-7.882,1,152,127.026,4.0,504,1,Eleven 11: / 11,Rob Curly
368,109,632,197963,519,0.0,1,122,-7.207,1,265,99.999,4.0,602,1,Buffalo,Toro y Moi
369,152,814,234640,0.83,0.36,10,899,-5.766,0,822,124.998,4.0,287,1,Talk About,Les Sins
370,273,893,142012,378,0.0,9,141,-7.324,1,305,119.969,4.0,642,1,Probably Nu It,Tree
371,146,823,274320,768,1.03e-06,11,127,-6.21,1,819,115.021,4.0,207,1,Mamacita,Travis Scott
372,573,639,284080,749,294,1,153,-5.916,0,468,84.452,4.0,553,1,Star,Gary Clark Jr.
373,726,0.49,289307,376,2.54e-05,11,849,-13.463,0,433,182.969,4.0,107,1,Gooey,Glass Animals
374,487,289,273000,523,293,6,561,-9.531,1,488,145.556,4.0,366,1,Walk On By - Single Version,Isaac Hayes
375,111,615,196817,781,0.0,5,373,-4.838,0,203,105.967,4.0,664,1,Omen - Radio Edit,Disclosure
376,207,808,292373,0.41,364,9,769,-12.428,1,658,122.663,4.0,752,1,Champagne Coast,Blood Orange
377,102,775,423747,528,582,9,233,-7.756,1,441,94.967,4.0,961,1,Running Back To You,The Juan Maclean
378,757,393,261187,838,145,9,223,-3.815,1,985,142.019,4.0,474,1,BKNY,Fat Tony
379,0.01,449,191425,416,122,0,778,-5.571,1,608,140.804,3.0,118,1,Pains,Silk Rhodes
380,2.24e-05,595,224094,549,835,4,274,-10.41,0,339,122.199,4.0,131,1,Night Drive,Part Time
381,38,728,176675,0.62,0.0,2,342,-7.533,1,434,81.998,4.0,904,1,"Flex (Ooh, Ooh, Ooh)",Rich Homie Quan
382,765,561,213786,896,685,2,124,-4.903,1,528,86.808,4.0,654,1,Indian Food,Dumbo Gets Mad
383,775,758,216234,343,0.0,1,0.11,-9.044,0,402,99.995,4.0,218,1,Childs Play (feat. Chance the Rapper),SZA
384,429,782,351707,938,121,10,118,-8.692,0,0.05,118.086,4.0,872,1,Lets Start the Dance,Bohannon
385,323,839,369067,0.48,505,6,758,-12.223,1,113,120.973,4.0,0.45,1,Rollerskate,Matias Aguayo
386,301,226,247027,261,677,2,628,-11.276,1,339,108.915,4.0,795,1,Outro,M83
387,268,763,322093,623,4.37e-06,2,768,-6.128,1,179,115.032,4.0,369,1,Grindin’ My Whole Life,HS87
388,626,858,254920,717,243,0,216,-8.734,1,995,120.004,4.0,593,1,Slyd,!!!
389,239,329,255413,814,944,7,936,-6.005,1,674,120.462,4.0,403,1,The Moment,Tame Impala
390,317,727,197133,599,0.0,1,219,-6.941,1,327,167.909,3.0,381,1,R.I.C.O. (feat. Drake),Meek Mill
391,605,318,182987,975,832,9,345,-4.211,1,916,174.205,4.0,683,1,Black And White,Parquet Courts
392,818,0.61,290667,791,0.0,2,847,-10.918,0,101,85.338,4.0,938,1,Never Never Gonna Give Ya Up,Barry White
393,21,646,219754,892,626,10,117,-5.015,1,331,119.998,4.0,935,1,Wait & See,Holy Ghost!
394,16,0.79,233813,616,0.13,0,136,-7.081,1,388,111.038,4.0,373,1,Wait for a Minute,tUnE-yArDs
395,385,484,205500,492,0.66,7,111,-9.297,1,326,76.467,4.0,193,1,5ft7,Tonstartssbandht
396,304,785,373243,573,403,5,824,-9.082,0,416,126.465,4.0,626,1,200 Press,James Blake
397,113,715,329169,0.64,418,2,848,-7.168,1,317,113.507,4.0,398,1,Huarache Lights,Hot Chip
398,414,811,312360,635,142,7,204,-8.394,1,971,137.595,4.0,752,1,Leave House,Caribou
399,704,597,318261,721,119,0,188,-9.433,1,377,110.761,4.0,854,1,"Sweet Power, Your Embrace",James Mason
400,785,0.6,299711,413,289,7,109,-9.572,1,258,93.618,4.0,768,1,Hunger Of The Pine,alt-J
401,629,811,141000,461,1.4e-05,9,767,-10.829,1,264,75.286,4.0,0.72,1,Money Money,Horace Andy
402,167,797,211882,961,919,10,107,-8.083,0,677,128.015,4.0,355,1,Symptom - Original Mix,Deapmash
403,391,799,157068,657,3.16e-06,3,763,-5.293,1,377,141.655,4.0,956,1,I'll Do a Little Bit More,The Olympics
404,301,769,703107,514,16,9,394,-14.157,1,52,119.674,4.0,719,1,Who Is He And What Is He To You,Creative Source
405,0.27,865,462467,896,488,3,676,-7.031,0,623,111.457,4.0,939,1,Bustin' Loose,Chuck Brown and the Soul Searchers
406,107,826,253747,751,7.71e-05,10,596,-9.621,0,564,105.909,4.0,919,1,I Wish,Stevie Wonder
407,0.96,508,250533,325,259,2,188,-11.627,1,37,92.187,4.0,271,1,Baby,Donnie & Joe Emerson
408,124,0.85,311120,818,135,0,349,-8.623,1,904,105.266,4.0,845,1,More Bounce To The Ounce,Zapp
409,245,819,302000,684,358,2,115,-6.97,1,599,130.268,4.0,0.84,1,Outlaw,War
410,194,896,474040,482,33,0,273,-8.35,1,127,112.0,4.0,847,1,Walking Into Sunshine,Central Line
411,129,401,592920,661,7.72e-05,5,791,-6.111,0,462,107.998,4.0,173,1,Pyramids,Frank Ocean
412,106,346,301867,808,685,11,247,-5.791,0,302,219.331,4.0,711,1,Lazuli,Beach House
413,115,697,251267,529,901,2,895,-8.838,1,338,155.974,4.0,483,1,Oblivion,Grimes
414,195,605,209573,732,135,6,246,-5.643,0,0.15,195.978,4.0,136,1,Obedear,Purity Ring
415,34,691,425320,0.71,225,10,903,-6.351,0,322,118.006,4.0,334,1,Flutes,Hot Chip
416,79,428,316444,0.74,935,0,985,-10.026,1,588,134.981,4.0,576,1,Club Rez,Girl Unit
417,525,555,263213,612,0.0,4,346,-7.841,0,353,100.036,4.0,319,1,Cry Like A Ghost,Passion Pit
418,482,732,167547,468,809,9,371,-13.662,0,409,118.994,4.0,191,1,Chained,The xx
419,124,633,284925,926,689,1,156,-4.056,1,404,152.032,4.0,512,1,Disparate Youth,Santigold
420,199,284,141813,961,0.0,9,365,-3.993,1,567,186.287,4.0,199,1,Cheap Beer,FIDLAR
421,119,0.68,313787,489,2.86e-05,11,606,-7.837,0,432,74.04,4.0,261,1,Swimming Pools (Drank) - Extended Version,Kendrick Lamar
422,463,578,208139,825,201,5,162,-4.659,0,284,113.907,4.0,959,1,Origins,Tennis
423,602,658,156707,835,781,4,0.14,-7.165,0,501,124.654,4.0,568,1,Affection,Crystal Castles
424,914,385,180493,902,522,7,317,-5.464,1,98,159.939,4.0,0.52,1,Comeback Kid,Sleigh Bells
425,555,735,260400,798,627,0,161,-6.175,1,127,113.997,4.0,469,1,Losing You,Solange
426,132,635,139931,766,0.0,11,122,-6.449,1,0.26,93.603,4.0,675,1,Grown Up,Danny Brown
427,101,569,305680,857,145,7,141,-5.571,1,337,104.981,4.0,291,1,"It's Not My Fault, I'm Happy",Passion Pit
428,613,469,387640,823,829,9,185,-3.948,0,583,122.316,4.0,138,1,How Deep Is Your Love?,The Rapture
429,571,502,287827,632,54,4,226,-9.971,0,271,82.738,4.0,207,1,Are you... Can you... Were you? (Felt),Shabazz Palaces
430,212,597,260467,798,473,5,143,-5.307,1,367,99.999,4.0,383,1,Second Song,TV On The Radio
431,459,673,132049,764,237,11,955,-5.482,1,401,182.13,4.0,551,1,Mornin',Star Slinger
432,198,507,286413,739,865,2,185,-9.728,1,0.04,87.569,4.0,0.17,1,Before,Washed Out
433,198,517,245013,491,1.31e-06,11,786,-13.742,0,341,104.996,4.0,331,1,Midnight City,M83
434,417,356,193653,872,975,2,997,-7.837,1,68,166.3,4.0,592,1,Lonely Boy,The Black Keys
435,529,563,200600,924,883,10,145,-3.909,0,511,94.057,4.0,0.6,1,Caffeinated Consciousness,TV On The Radio
436,39,567,176893,876,0.0,9,531,-4.573,0,376,114.902,4.0,697,1,Wild Window,Fool's Gold
437,501,633,264000,884,1.93e-05,9,134,-4.158,0,369,111.98,4.0,455,1,Polish Girl,Neon Indian
438,929,445,250200,461,167,11,623,-11.488,1,379,119.951,4.0,91,1,Calgary,Bon Iver
439,145,575,250826,625,0.0,9,817,-5.296,0,345,111.984,4.0,295,1,Civilization,Justice
440,369,662,236733,571,197,6,908,-7.382,0,106,152.009,4.0,442,1,Headlines,Drake
441,96,573,256800,946,191,7,115,-5.065,1,377,151.817,4.0,769,1,Michael Jackson,Das Racist
442,244,605,369387,755,586,1,937,-5.169,1,358,122.3,4.0,367,1,Need You Now,Cut Copy
443,632,374,172960,937,207,9,186,-3.882,1,82,149.812,4.0,337,1,Abducted,Cults
444,158,714,187293,924,1.29e-05,10,0.91,-2.91,0,662,77.516,4.0,897,1,Gucci Gucci,Kreayshawn
445,441,207,287667,878,421,4,341,-7.212,1,449,89.969,4.0,135,1,Eyes Be Closed,Washed Out
446,729,589,248200,938,942,2,166,-10.475,0,567,120.007,4.0,556,1,Echoes,Washed Out
447,652,0.36,217798,362,128,10,107,-7.102,1,385,116.846,4.0,144,1,The Daily Mail,Radiohead
448,91,516,251011,0.66,0.0,9,663,-5.002,0,489,112.065,4.0,238,1,Civilization,Justice
449,126,579,212227,767,3.28e-05,9,384,-3.713,1,78,144.001,4.0,0.67,1,Punch Drunk Love,Teams vs. Star Slinger
450,184,845,415371,0.59,581,0,84,-8.225,1,538,126.024,4.0,346,1,Principles,Benoit & Sergio
451,914,568,277335,662,459,8,317,-10.651,0,257,173.937,4.0,452,1,Slow Peels,Com Truise
452,154,716,208027,724,309,9,224,-8.06,1,0.24,137.131,4.0,698,1,Dead Wrong,Hanni El Khatib
453,386,791,317467,729,126,11,771,-9.856,0,54,108.274,4.0,717,1,Do It Roger,Zapp
454,983,795,218147,578,743,5,115,-8.507,0,569,127.014,4.0,639,1,Pharaohs (feat. Roses Gabor),SBTRKT
455,215,584,318373,761,217,9,989,-5.056,1,287,122.494,4.0,722,1,No Fun,The Stooges
456,676,679,282308,709,0.0,7,292,-5.851,0,133,84.543,4.0,677,1,Computer Love,Zapp
457,693,646,180036,947,0.0,1,283,-2.762,1,119,164.111,4.0,957,1,Dutchie Courage,Star Slinger
458,961,704,241733,0.49,114,9,157,-6.667,1,339,155.909,4.0,646,1,Osaka Loop Line,Discovery
459,254,812,237320,554,698,7,558,-10.978,1,567,123.289,4.0,786,1,White Horse,Laid Back
460,394,0.76,520133,971,775,5,138,-4.582,0,549,125.439,4.0,992,1,Abataka - Original Mix,Ida Engberg
461,2.15e-05,657,214600,699,153,11,525,-4.718,0,297,123.017,4.0,531,1,Danger! High Voltage (Soulchild Radio Mix),Electric Six
462,185,731,207496,812,154,5,131,-6.691,1,608,91.96,4.0,861,1,Say Please,Teams vs. Star Slinger
463,649,805,213280,596,772,7,299,-6.007,1,119,81.004,4.0,753,1,You Don't Love Me (No No No),Dawn Penn
464,947,718,171933,844,711,8,122,-8.045,1,581,94.988,4.0,0.54,1,The Yes Strut,Teams vs. Star Slinger
465,507,597,183798,746,198,11,493,-7.991,0,542,172.215,4.0,891,1,86 Carrot Gold,Teams vs. Star Slinger
466,738,698,101039,923,8.21e-06,1,296,-5.382,0,316,95.009,4.0,779,1,Close to Me,Teams vs. Star Slinger
467,419,823,259680,811,745,1,176,-6.158,1,661,104.63,4.0,718,1,How Do You See Me Now,Zdar
468,176,819,231747,777,931,8,627,-7.734,0,614,104.651,4.0,769,1,See Me Now,Cassius
469,0.02,671,200754,781,0.0,2,718,-5.363,1,311,134.02,4.0,684,1,Every Freakin' - DJ Ayres remix,DJ Eleven
470,402,872,198101,565,237,7,947,-10.236,1,708,125.992,4.0,885,1,Dance Our Way,DJ Eleven
471,241,0.85,205663,664,672,0,192,-9.141,1,105,126.018,4.0,584,1,Flashing Lights,DJ Ayres
472,652,0.36,217798,362,128,10,107,-7.102,1,385,116.845,4.0,144,1,The Daily Mail,Radiohead
473,196,0.76,263733,0.76,185,10,113,-5.964,0,509,111.01,4.0,616,1,Bizness,tUnE-yArDs
474,305,874,217783,492,0.0,2,117,-4.898,1,328,64.992,4.0,644,1,Long Heels Red Bottoms,Trina
475,229,527,188560,871,155,4,419,-8.708,1,354,120.722,4.0,0.12,1,I Wanna Be Your Dog,The Stooges
476,963,767,317320,712,275,5,243,-7.28,1,564,125.025,4.0,947,1,Jealousy,Martin Solveig
477,233,328,225627,827,517,6,632,-2.545,0,252,103.127,4.0,709,1,Embody,Sebastian
478,175,702,185840,773,165,9,651,-3.741,1,214,100.006,4.0,484,1,Love In Motion - feat. Mayer Hawthorne,Sebastian
479,314,654,410897,734,249,0,802,-6.216,1,112,126.995,4.0,243,1,Save the World,Swedish House Mafia
480,369,448,258653,733,425,3,169,-6.238,1,292,142.008,4.0,404,1,Myth,Beach House
481,152,542,265480,854,0.0,8,639,-5.041,1,445,128.041,4.0,262,1,Ready 2 Go,Martin Solveig
482,206,469,235301,821,914,2,258,-5.055,0,397,173.964,4.0,226,1,We Are Young - The Popopopops Remix,Juveniles
483,429,857,287200,889,5.21e-06,6,143,-4.382,1,795,103.072,4.0,0.82,1,Bop Gun (One Nation) - Radio Edit,Ice Cube
484,407,796,279952,774,812,9,784,-4.833,0,509,124.989,4.0,327,1,La Funky,Destructo feat. Oliver
485,401,0.67,400742,897,21,7,293,-5.19,0,922,127.994,4.0,294,1,In My Mind (Axwell Remix),Ivan Gough & Feenixpawl feat. Georgi Kay
486,299,697,238206,0.68,674,2,125,-6.847,1,318,98.002,4.0,288,1,On'n'On - Ruined by Rick Rubin,Justice
487,193,352,248133,807,6.04e-06,0,963,-7.781,1,173,90.772,4.0,459,1,Don't Die,Killer Mike
488,122,687,357280,799,11,1,107,-9.181,0,355,128.001,4.0,397,1,Van Vogue,Azealia Banks
489,998,666,285320,811,614,11,588,-5.079,0,357,124.954,4.0,955,1,How Do You Do?,Hot Chip
490,285,764,270680,768,235,5,122,-5.614,1,382,125.988,4.0,627,1,Night And Day,Hot Chip
491,132,677,271480,0.86,119,1,487,-5.074,1,348,121.989,4.0,793,1,Don't Deny Your Heart,Hot Chip
492,275,735,212333,801,0.0,1,137,-5.067,1,554,123.094,4.0,491,1,Focused - feat. Kid Cudi,Wale
493,483,286,242653,694,252,6,773,-7.481,1,335,169.904,4.0,411,1,Neptune,Lemonade
494,138,881,259200,564,0.0,2,983,-5.239,1,232,100.032,4.0,0.36,1,"Function - feat. YG, IAmSu & Problem",E-40
495,86,246,237947,843,241,4,137,-10.022,1,396,80.047,4.0,681,1,Didn't You,Cloud Nothings
496,248,515,172520,876,156,5,606,-5.448,1,375,105.128,4.0,707,1,Search Party,Small Black
497,227,816,222920,894,7.23e-05,6,331,-9.243,1,819,99.995,4.0,968,1,Mi Swing es Tropical,Nickodemus
498,569,715,346773,518,772,5,983,-11.0,0,699,129.87,4.0,923,1,Stock Exchange,Miss Kittin
499,365,829,336906,637,233,5,267,-9.481,0,882,120.761,4.0,688,1,Changes,Crazy P
500,289,444,346360,978,778,6,171,-6.238,1,998,125.371,4.0,463,1,Play This (Also),J Rocc
501,232,612,212944,725,11,6,395,-5.775,0,966,195.972,4.0,153,1,Obedear,Purity Ring
502,989,0.7,285211,718,609,2,218,-5.882,1,535,81.997,4.0,343,1,Slow Down,Poolside
503,869,754,295867,877,0.0,2,576,-3.486,1,586,132.033,4.0,557,1,I Don't Like,Chief Keef
504,148,327,275286,654,442,6,939,-6.258,0,364,102.532,3.0,262,1,Sleeping Ute,Grizzly Bear
505,173,646,197132,778,0.0,1,702,-7.44,0,103,127.813,4.0,173,1,Hands On the Wheel (feat. a$Ap Rocky),ScHoolboy Q
506,991,486,252707,526,158,0,976,-9.041,1,272,75.461,4.0,726,1,The Kids Were Wrong,Memoryhouse
507,473,551,283373,504,664,7,818,-11.166,1,309,115.998,4.0,137,1,Walk With Me,Memoryhouse
508,246,586,374133,806,167,1,353,-9.542,1,548,110.325,4.0,207,1,Her Fantasy,Matthew Dear
509,909,694,337187,716,814,7,772,-7.468,1,513,121.427,4.0,896,1,Der Kommissar,After The Fire
510,122,817,220987,528,0.0,1,284,-6.551,1,656,100.997,4.0,161,1,Slow Down,Clyde Carson
511,764,611,255320,677,698,10,241,-6.745,0,34,166.04,4.0,233,1,Genesis,Grimes
512,419,727,239360,657,0.0,0,624,-5.307,1,188,82.553,4.0,794,1,About to Die,Dirty Projectors
513,229,485,330920,793,784,0,406,-8.693,1,573,131.951,4.0,295,1,Best Night,The War On Drugs
514,413,0.52,269000,872,725,8,161,-8.104,1,483,111.958,4.0,524,1,Brothers,The War On Drugs
515,105,399,304907,761,456,9,757,-6.318,1,334,140.084,4.0,244,1,We Own The Sky,M83
516,0.52,582,212602,903,779,0,243,-4.505,1,335,119.457,4.0,902,1,Chicken Half,Sugarman Three
517,833,852,237533,523,0.0,5,106,-6.716,0,32,130.154,4.0,648,1,Two Of Hearts,Stacey Q
518,156,623,289640,806,769,0,201,-8.533,1,352,130.049,4.0,847,1,The Perfect Kiss,New Order
519,145,844,265400,688,351,4,104,-8.594,0,291,96.671,4.0,747,1,Can I Kick It?,A Tribe Called Quest
520,275,684,195373,603,311,11,191,-8.127,0,989,81.0,4.0,508,1,Sure Thing,Miguel
521,103,498,322933,553,528,5,273,-6.193,1,332,111.015,4.0,228,1,Kim & Jessie,M83
522,329,162,247027,254,122,2,631,-11.251,1,359,108.943,4.0,778,1,Outro,M83
523,842,671,272175,784,121,4,231,-5.514,0,303,122.995,4.0,545,1,We Are the People,Empire of the Sun
524,597,792,239427,387,106,8,757,-8.192,0,464,136.996,4.0,677,1,Look At Where We Are,Hot Chip
525,801,417,213853,944,141,9,862,-5.192,1,459,109.721,4.0,376,1,Don't Owe You a Thang,Gary Clark Jr.
526,726,739,386907,526,0.0,4,215,-7.384,0,101,143.948,4.0,374,1,Money Trees,Kendrick Lamar
527,203,791,286213,916,0.0,2,924,-2.009,1,178,103.709,4.0,0.62,1,Hood Pass Intact feat. MC Eiht,Dâm-Funk
528,341,491,128187,935,348,1,121,-4.22,1,343,157.993,4.0,964,1,Got No Money,FIDLAR
529,581,748,306600,586,0.0,1,156,-2.554,1,512,140.067,4.0,162,1,Birthday Song,2 Chainz
530,7.79e-05,351,141305,931,129,6,226,-5.746,0,539,126.394,4.0,604,1,Oh,FIDLAR
531,1,0.48,139560,964,273,7,131,-3.681,1,656,98.496,4.0,579,1,No Waves,FIDLAR
532,3.41e-05,123,99413,963,329,10,292,-4.182,1,543,198.04,4.0,0.68,1,Wake Bake Skate,FIDLAR
533,814,401,93267,972,878,0,382,-2.236,1,886,152.839,4.0,405,1,No Ass,FIDLAR
534,23,228,182600,886,848,9,307,-3.87,0,497,165.201,4.0,499,1,Black Out Stout,FIDLAR
535,214,465,295880,633,0.79,11,105,-9.493,0,578,130.074,4.0,451,1,Plague,Crystal Castles
536,0.11,438,192000,539,0.0,8,143,-9.578,1,166,166.649,5.0,759,1,Kerosene,Crystal Castles
537,36,396,186627,601,531,0,116,-9.347,1,515,129.996,4.0,351,1,Wrath Of God,Crystal Castles
538,183,596,178800,628,767,5,187,-7.582,0,503,139.965,4.0,0.52,1,Pale Flesh,Crystal Castles
539,964,276,141627,766,858,7,0.15,-6.012,0,373,158.188,4.0,547,1,Past Lives,DIIV
540,104,241,194600,588,42,7,87,-6.914,1,313,171.882,4.0,506,1,Pictures Of Matchstick Men,Status Quo
541,341,821,397166,902,909,11,898,-7.203,1,542,112.98,4.0,269,1,Get Up,Craig Bratley
542,854,354,476164,228,0.8,0,113,-10.304,1,296,82.758,3.0,745,1,Cloud Atlas End Title,Tom Tykwer
543,372,638,210160,897,748,7,691,-5.78,0,504,133.948,4.0,915,1,Keep You,Wild Belle
544,101,651,247360,642,186,2,902,-4.276,1,167,88.237,4.0,711,1,Anything New,Bibio
545,543,625,193147,576,4.07e-05,11,187,-5.693,0,175,179.063,4.0,223,1,Adorn,Miguel
546,169,759,346160,772,687,7,668,-8.052,1,125,89.245,4.0,752,1,Louie Louie,Toots & The Maytals
547,175,726,190360,664,0.0,0,195,-6.275,1,108,75.571,4.0,494,1,Under Mi Sensi,Barrington Levy
548,0.8,611,448315,0.9,872,1,0.19,-10.026,1,593,129.729,4.0,322,1,Loner,Burial
549,845,865,233300,549,158,0,81,-10.083,1,244,142.8,4.0,619,1,Murderer,Barrington Levy
550,135,794,375179,481,883,6,833,-11.97,1,149,114.003,4.0,314,1,Space Cakes - Original,Tanner Ross
551,193,614,323600,677,518,9,108,-8.317,0,323,126.477,4.0,726,1,"There, There",Radiohead
552,113,535,258413,857,751,9,472,-5.2,0,543,91.053,4.0,431,1,Nightcall,Kavinsky
553,453,815,230307,672,0.0,8,112,-5.675,1,0.27,151.362,4.0,813,1,Jacket & Tie,Toyan
554,104,595,247175,794,733,0,693,-5.186,1,345,131.619,4.0,685,1,Doom And Gloom - Jeff Bhasker Mix,The Rolling Stones
555,4.06e-05,683,230587,698,113,9,58,-6.255,1,395,125.999,4.0,962,1,All Of Me,Tanlines
556,829,722,192026,619,0.0,9,533,-8.324,0,352,140.031,4.0,606,1,Females Welcomed (feat. Reija Lee),Trinidad James
557,985,647,277375,841,0.0,10,897,-2.507,1,164,139.963,4.0,886,1,Blueberry (Pills & Cocaine) (feat. Danny Brown),Darq E Freaker
558,455,428,146227,972,854,11,313,-4.329,0,514,133.064,4.0,0.48,1,Max Can't Surf,FIDLAR
559,9.19e-06,325,109533,918,288,2,276,-4.823,1,71,95.537,4.0,184,1,Wait for the Man,FIDLAR
560,74,912,400751,781,762,7,348,-7.018,0,444,119.978,4.0,891,1,Inspector Norse,Todd Terje
561,324,771,246573,416,0.0,0,111,-8.188,0,894,131.952,4.0,218,1,Love Sosa,Chief Keef
562,69,759,398615,764,719,10,116,-7.416,0,446,117.996,4.0,315,1,This Time Around,Softwar
563,135,691,264213,737,291,10,127,-5.758,0,447,108.049,4.0,675,1,See Blind Through,Canyons
564,139,701,261120,822,526,6,726,-6.13,1,366,129.03,4.0,739,1,Vowels = space and time,Grimes
565,263,736,260413,0.58,663,5,101,-9.643,0,485,140.04,4.0,144,1,Be A Body,Grimes
566,131,564,171573,912,8.05e-06,5,369,-4.718,0,143,92.054,4.0,582,1,Unchained (The Payback / Untouchable),James Brown
567,164,824,181800,513,0.0,8,487,-9.591,1,208,99.938,4.0,568,1,Stomp - Dirty,5kinAndBone5
568,451,406,152040,0.74,722,0,637,-7.232,1,31,92.333,4.0,822,1,Borrowed Time,Parquet Courts
569,116,762,204293,883,0.0,0,0.3,-4.397,1,0.18,140.974,4.0,781,1,Young N*****,Gucci Mane
570,78,0.54,187847,0.77,0.0,7,846,-7.748,1,354,99.882,4.0,0.62,1,All Gold Everything,Trinidad James
571,109,834,389508,481,822,8,111,-9.511,1,135,121.999,4.0,306,1,What I Might Do - Club Mix,Ben Pearce
572,855,714,155337,905,2.55e-05,8,146,-2.663,1,289,125.927,4.0,824,1,I Love It (feat. Charli XCX) - Original Version,Icona Pop
573,15,0.36,162168,774,807,3,996,-8.758,1,384,80.205,4.0,664,1,Kenosha,Swearin'
574,18,609,209760,798,8.68e-06,5,434,-4.448,0,404,130.034,4.0,405,1,Fineshrine,Purity Ring
575,47,777,309180,688,0.69,8,96,-8.692,0,681,126.019,4.0,0.18,1,Flow,Disclosure
576,135,749,267307,647,0.0,2,142,-6.878,1,137,146.024,4.0,196,1,C'Est La Vie,Booba
577,202,0.67,260853,544,792,1,0.14,-9.643,0,124,140.037,4.0,331,1,Caramel,Booba
578,627,684,228907,637,0.0,9,297,-6.378,1,61,140.063,4.0,245,1,O.G,Booba
579,151,633,321627,0.85,0.0,5,556,-5.915,0,344,97.933,4.0,761,1,HLM 3,Lunatic
580,49,594,457205,0.77,0.9,0,103,-7.082,1,629,125.987,4.0,0.14,1,The Mighty Ming - Original Club Mix,Funkagenda
581,119,473,196664,794,218,9,418,-5.151,1,462,139.313,4.0,293,1,Harlem Shake,Baauer
582,207,931,255844,606,461,1,92,-8.366,1,269,94.018,4.0,865,1,Purp Walk,Lunice
583,432,744,232611,685,0.0,7,319,-8.332,1,0.34,87.675,4.0,0.56,1,Do You Like It? (Feat. Kool A.D),Chaz Van Queen
584,452,752,150053,783,0.0,9,194,-7.507,1,151,159.912,4.0,611,1,Gucci On The Rise,Gucci Mane
585,469,821,280173,469,0.0,8,141,-7.152,1,473,132.002,4.0,321,1,Hate Bein' Sober,Chief Keef
586,271,908,237293,513,0.0,2,141,-5.318,1,973,130.047,4.0,256,1,Traffic,Lil Reese
587,401,636,267147,702,0.0,11,105,-5.437,1,743,125.998,4.0,471,1,Hold Me Back,Rick Ross
588,239,839,636213,583,0.0,1,262,-5.941,1,268,87.99,4.0,557,1,Oldie,Odd Future
589,425,0.79,173160,531,0.0,8,266,-6.968,1,197,86.306,4.0,498,1,Started From the Bottom,Drake
590,596,787,121874,0.81,125,5,625,-7.822,1,993,77.505,4.0,606,1,Dum Dum,Baauer
591,451,603,342020,978,493,11,404,-1.367,0,186,150.072,4.0,496,1,Higher - Extended,Just Blaze and Baauer
592,402,937,225940,0.67,0.0,9,108,-6.149,1,107,136.029,4.0,592,1,"Gone, Gone",Juicy J
593,912,748,275907,703,36,2,635,-11.869,1,663,110.615,4.0,618,1,Rock Creek Park,The Blackbyrds
594,741,727,250587,235,159,0,769,-20.263,1,0.16,127.16,4.0,0.59,1,Leaving Babylon,Bad Brains
595,117,857,222330,948,816,10,317,-6.901,0,204,140.002,4.0,669,1,Trap Shit V7,UZ
596,295,793,432800,978,331,11,764,-9.229,0,648,124.922,4.0,711,1,Good Life - Original 12'' Mix,Inner City
597,492,738,461560,808,734,10,36,-9.772,0,522,120.248,4.0,816,1,Big Fun - Original 12'' Mix,Inner City
598,905,864,223071,0.86,0.0,11,183,-1.92,1,178,140.029,4.0,883,1,Piss Test (feat. Juicy J & Dany Brown),A-Trak
599,234,688,219618,457,0.0,7,127,-9.86,1,338,109.278,4.0,645,1,Can't Seem To Make You Mine,Sky Saxon & The Seeds
600,423,786,267160,525,461,1,876,-8.271,0,388,128.014,4.0,0.43,1,Borderline,Classixx
601,201,734,394857,686,0.11,5,408,-9.781,0,761,128.021,4.0,543,1,Elevate - Q45 Remix,Toni Toni Lee
602,196,765,246823,891,145,9,293,-6.43,0,514,126.99,4.0,564,1,With You (feat. Alexis Taylor),Carte Blanche (feat. Alexis Taylor)
603,263,725,238640,798,2.14e-06,0,791,-6.75,0,162,124.045,4.0,0.72,1,Can't Shake This Feeling,Grum
604,14,962,156800,592,642,9,134,-11.716,0,108,130.684,4.0,361,1,Check Me Out Like,Blaqstarr
605,167,845,292654,455,5.97e-05,11,414,-5.209,1,693,119.987,4.0,832,1,Second Summer,YACHT
606,321,0.5,261587,0.95,293,6,382,-4.333,1,677,120.038,4.0,298,1,Demon To Lean On,Wavves
607,537,648,322760,547,439,5,826,-6.547,1,245,141.378,4.0,851,1,Walk In The Park,Beach House
608,576,0.77,347387,0.69,107,9,684,-4.903,0,977,118.989,4.0,721,1,Reckless (With Your Love),Azari & III
609,3.13e-05,0.61,420384,907,698,11,0.23,-5.857,0,384,112.007,4.0,397,1,Reckless (With Your Love) - Tensnake Remix,Azari & III
610,318,663,146906,877,217,5,124,-3.37,0,538,135.989,4.0,396,1,Never Be Your Woman (Shy FX Radio Edit) [feat. Emeli Sandé],Wiley
611,548,831,155042,373,362,1,0.1,-6.896,1,157,96.115,4.0,356,1,(Bonus) Break Her Down,Iamsu!
612,482,653,141724,817,0.0,1,157,-5.077,1,239,135.345,4.0,493,1,Molly Ringwald,Danny Brown
613,8.34e-05,0.72,255135,748,0.0,5,0.11,-7.607,1,447,182.064,4.0,555,1,8 Feet Tall,Problem
614,769,808,118353,593,2.07e-06,1,111,-9.395,1,344,89.876,4.0,0.88,1,36 Chamber Flow,Flatbush Zombies
615,302,798,216585,481,0.0,7,128,-10.488,1,314,127.136,4.0,0.64,1,Trill Hoe,Western Tink
616,706,586,245733,915,236,6,192,-6.264,1,31,117.99,4.0,747,1,Saturday Love,Toro y Moi
617,0.15,695,240040,615,212,7,879,-5.325,0,42,124.015,4.0,425,1,Sweater Weather,The Neighbourhood
618,749,587,250299,784,126,9,264,-4.878,1,469,139.99,4.0,0.13,1,Oh My - Club Mix,The Partysquad
619,765,675,205533,862,609,8,364,-5.309,0,501,124.982,4.0,819,1,Saltkin,Purity Ring
620,116,671,239613,0.73,356,8,201,-6.773,1,369,112.011,4.0,302,1,Lofticries,Purity Ring
621,221,632,156614,793,0.0,10,171,-4.171,0,102,189.992,4.0,393,1,Get It In,Iamsu!
622,106,774,227327,0.92,433,11,146,-4.213,1,0.25,128.97,4.0,223,1,My Bad - Club Mix,The Partysquad
623,415,941,207040,685,0.0,10,0.08,-5.24,1,752,97.524,4.0,695,1,I'm Different,2 Chainz
624,426,794,248413,811,1.07e-06,6,101,-8.966,0,38,116.047,4.0,865,1,Get Lucky - Radio Edit,Daft Punk
625,436,805,192623,634,0.0,7,579,-7.759,1,535,143.944,4.0,0.76,1,Had A Dream,EMP DASME
626,584,394,225680,669,0.0,7,334,-4.461,1,56,169.929,4.0,195,1,Recover,CHVRCHES
627,347,635,224747,459,184,2,77,-7.59,1,491,114.865,4.0,345,1,Now Is Not the Time,CHVRCHES
628,116,669,211042,765,0.0,8,312,-7.885,1,51,131.946,4.0,163,1,MDA,Problem
629,637,742,304880,912,0.0,6,599,-1.188,0,0.13,137.975,4.0,562,1,Pop That,French Montana
630,244,624,205973,752,0.0,4,131,-5.43,1,121,134.021,4.0,862,1,Young & Gettin' It - feat. Kirko Bangz,Meek Mill
631,0.45,622,218480,628,0.0,7,251,-9.964,0,243,144.812,4.0,304,1,Best Wishes,Iamsu!
632,121,719,216000,0.66,0.0,2,127,-8.22,1,829,119.996,4.0,357,1,Kids,Iamsu!
633,478,525,200015,0.8,429,11,319,-11.484,1,122,80.032,4.0,0.52,1,Levitate,Paper Diamond
634,0.14,525,291162,538,117,11,95,-9.366,0,783,175.953,4.0,791,1,Get Free (feat. Amber of Dirty Projectors),Major Lazer
635,373,472,246427,855,0.93,0,887,-6.937,1,69,154.908,4.0,166,1,Balance,Future Islands
636,417,0.9,262168,929,2.04e-05,7,524,-718,1,148,129.991,4.0,566,1,The Lion - Original Mix,The Partysquad
637,839,802,334849,586,212,5,587,-6.245,1,103,128.011,4.0,407,1,For Your Love - Club Edit,The Partysquad
638,423,723,358436,669,936,11,751,-5.026,0,582,126.013,4.0,156,1,For Your Love - Olav Basoski Remix,The Partysquad
639,284,797,253187,508,859,9,356,-8.154,0,455,118.032,4.0,958,1,Slippin’,Quadron
640,255,869,224107,426,534,7,113,-8.187,1,202,127.059,4.0,457,1,Take You On,Peaches
641,302,756,256933,595,1.98e-06,1,146,-6.924,1,333,130.031,4.0,681,1,One of Those Nights,Juicy J
642,267,821,632693,793,1.37e-05,6,751,-9.003,0,391,116.009,4.0,0.91,1,Get Lucky - Daft Punk Remix,Daft Punk
643,891,806,297907,772,864,6,101,-14.369,1,856,125.325,4.0,436,1,No Way Back,Adonis
644,152,702,420107,504,5.11e-06,9,0.22,-16.794,1,342,121.374,4.0,794,1,Ride The Rhythm,On The House featuring Marshall Jefferson
645,956,646,282791,929,1.12e-06,2,159,-1.501,1,194,128.995,4.0,229,1,Move Your Body - Extended Mix,Benny Benassi
646,736,491,281853,883,3.19e-05,4,369,-4.986,0,306,131.75,4.0,516,1,Rockin' In The Free World,Neil Young
647,28,291,192960,901,627,2,116,-2.327,0,563,150.052,4.0,511,1,Feels Like We Only Go Backwards,Tame Impala
648,274,683,266173,776,748,0,885,-7.029,1,754,126.18,4.0,667,1,Half Full Glass of Wine,Tame Impala
649,845,799,207843,605,143,7,485,-10.011,1,286,194.055,4.0,378,1,"Bubble Butt [Radio Mix] [feat. Bruno Mars, 2 Chainz, Tyga & Mystic]",Major Lazer
650,968,836,230627,817,0.0,7,114,-5.672,1,677,112.007,4.0,658,1,Wop (Official Version),J. Dash
651,613,931,202199,415,0.0,7,59,-8.491,1,293,97.995,4.0,614,1,Don’t Drop That Thun Thun,Finatticz
652,579,683,284267,989,108,9,964,-2.092,0,616,91.558,4.0,0.78,1,Give It Away,Red Hot Chili Peppers
653,472,379,570733,782,748,11,265,-8.163,1,358,101.698,4.0,529,1,Wakin on a Pretty Day,Kurt Vile
654,289,771,227143,949,602,8,595,-4.712,1,175,111.959,4.0,372,1,Hulk (Dillon Francis Remix),Clockwork
655,183,695,295714,792,439,9,638,-4.595,0,328,112.008,4.0,424,1,Dill the Noise,Dillon Francis and Kill The Noise
656,258,375,212947,804,694,7,322,-5.673,0,372,154.066,4.0,394,1,Dead Sound,The Raveonettes
657,533,421,164289,0.8,332,11,381,-5.85,1,303,189.935,4.0,951,1,Rvtchet Bitch,Brillz & Teddy Tuxedo
658,216,886,217893,474,0.0,1,88,-8.045,0,274,150.068,4.0,823,1,Swing,Savage
659,597,0.65,242056,985,325,6,0.36,-3.406,0,133,153.009,4.0,667,1,You & Me - Baauer Remix,Disclosure
660,155,0.76,285651,944,0.85,6,363,-3.793,0,733,123.985,4.0,294,1,Next Order,Dog Blood
661,645,824,180107,883,707,0,409,-2.715,1,108,127.989,4.0,846,1,It's You,Duck Sauce
662,553,482,350120,0.72,2.07e-06,2,461,-6.812,1,271,90.999,4.0,222,1,m.A.A.d city,Kendrick Lamar
663,778,786,263120,604,0.0,6,102,-8.372,1,614,140.054,4.0,502,1,Bounce It,Juicy J
664,842,853,139240,578,0.0,10,95,-4.897,0,0.2,98.027,4.0,566,1,Pu$$y Magnet (feat. Keayshawn),Roach Gigz
665,315,794,236280,0.82,0.0,11,531,-5.214,1,152,140.042,4.0,821,1,Fashion Killa,A$AP Rocky
666,114,725,251333,661,0.0,7,291,-3.903,1,131,127.82,4.0,432,1,I Wanna Be With You,DJ Khaled
667,25,854,207264,0.46,0.0,10,128,-9.71,0,0.14,97.512,4.0,492,1,Gas Pedal (feat. IamSu),Sage The Gemini
668,436,862,198531,364,0.0,11,688,-9.727,0,137,97.51,4.0,766,1,Red Nose,Sage The Gemini
669,461,432,262857,703,0.0,10,779,-3.845,0,332,187.302,3.0,675,1,"U.O.E.N.O. Remix (feat. Future, Wiz Khalifa)",Rocko
670,235,847,246100,713,0.0,6,331,-3.89,0,241,132.063,4.0,338,1,VERSACE,Flap Jack
671,444,654,165432,794,0.0,1,127,-4.307,1,322,96.973,4.0,464,1,Strictly 4 My Jeeps,Action Bronson
672,134,701,389493,914,137,7,169,-4.463,1,129,123.966,4.0,372,1,The Giver - Original Mix,Duke Dumont
673,264,844,310334,728,865,11,544,-6.805,0,582,124.297,4.0,635,1,Lean & Bounce,Duke Dumont
674,155,582,311093,884,0.0,8,725,-5.635,0,166,150.195,4.0,0.67,1,Swishas and Dosha - Main Version - Clean,UGK
675,352,697,172760,682,0.0,7,664,-9.022,1,219,155.742,4.0,672,1,Players Anthem,UGK
676,3,766,227027,453,3.49e-05,6,923,-6.651,0,67,100.002,4.0,346,1,"Hold On, We're Going Home",Drake
677,426,872,188347,541,789,5,132,-5.911,1,103,95.971,4.0,653,1,Living,2 Chainz
678,152,621,335156,813,0.0,6,691,-3.59,0,158,141.91,4.0,524,1,Taylor Gang - Bonus Track,Wiz Khalifa
679,311,675,205740,617,0.0,10,0.19,-7.74,1,256,140.124,4.0,508,1,I'm A Martian,Brian Pumper
680,104,689,229853,879,376,0,0.49,-4.03,0,978,170.036,4.0,544,1,The Drop,Bro Safari
681,11,0.63,160858,664,82,9,105,-7.245,1,172,179.955,4.0,231,1,Drippin,MiM0SA
682,246,514,296400,0.75,285,2,139,-7.847,1,28,86.018,4.0,551,1,Heaven,TR/ST
683,557,599,222160,677,18,11,434,-6.328,1,314,126.012,4.0,108,1,I Need You,Glass Figure
684,281,0.64,197120,888,8.01e-05,1,584,-5.251,0,169,87.93,4.0,664,1,From Nowhere,Dan Croll
685,475,599,228467,533,153,9,235,-14.032,0,472,122.262,4.0,609,1,I Follow Rivers,Lykke Li
686,356,667,234994,901,393,9,774,-3.719,0,275,140.026,4.0,824,1,L'Amour Parfait,Yelle
687,109,742,214693,0.77,239,10,104,-6.339,0,514,96.988,4.0,687,1,Northern Lights,Kate Boy
688,938,874,281373,704,0.0,9,409,-6.27,1,102,119.954,4.0,444,1,Shabba,A$AP Ferg
689,152,726,178507,834,683,10,845,-5.564,1,565,130.04,4.0,574,1,Work,A$AP Ferg
690,247,834,285947,732,0.0,1,112,-5.121,1,138,130.011,4.0,308,1,Work REMIX,A$AP Ferg
691,469,712,252313,865,412,1,121,-6.411,1,83,113.015,4.0,831,1,The Way We Are,Kate Boy
692,422,422,260276,641,0.0,10,317,-4.947,0,323,187.027,3.0,668,1,"U.O.E.N.O. (feat. Rick Ross, Future)",Rocko
693,268,651,182384,773,0.0,6,172,-6.855,0,262,129.882,4.0,418,1,Now You Do,A-1
694,142,728,294011,0.77,229,10,603,-4.945,0,426,108.991,4.0,668,1,Holding On - Jerome LOL Remix,Classixx
695,296,907,849960,643,265,1,105,-8.657,0,549,124.909,4.0,363,1,Music Is the Answer - Original Extended 12-Inch Mix,Celeda
696,255,855,233272,898,2.95e-05,7,563,-3.863,1,61,135.965,4.0,525,1,Test Me - UZ Remix,Flosstradamus & DJ Sliink
697,901,769,215294,792,0.0,7,385,-4.086,1,111,136.021,4.0,323,1,Test Me,Flosstradamus & DJ Sliink
698,525,0.7,307467,675,0.0,2,657,-6.362,1,149,124.882,4.0,227,1,No New Friends - SFTB Remix,DJ Khaled
699,215,825,199973,489,0.0,11,111,-9.32,1,263,96.99,4.0,424,1,R.I.P.,Jeezy
700,15,607,216453,913,118,11,164,-6.822,1,69,124.677,4.0,517,1,Baby Blue,Badfinger
701,193,751,211825,882,0.0,1,0.15,-5.605,1,819,140.103,4.0,657,1,Dip,Danny Brown
702,0.32,723,210880,848,0.0,5,144,-7.11,1,833,116.021,4.0,261,1,25 Bucks [feat. Purity Ring],Danny Brown
703,152,626,299383,888,551,9,243,-4.981,0,461,126.976,4.0,728,1,Fascism,Sam Sparro
704,723,743,259683,633,0.0,9,246,-8.224,1,235,85.041,4.0,398,1,Marc Jacobs,Riff Raff
705,224,752,437293,767,931,5,833,-8.022,0,469,117.973,4.0,564,1,One Of Us - Original Mix,Iron Galaxy & Sexlife
706,768,0.66,214636,763,389,4,637,-6.832,0,636,137.932,4.0,661,1,Can We Go Up?,Paper Diamond
707,144,211,162436,963,732,7,162,-4.061,1,118,128.113,3.0,395,1,This Lonely Morning,Best Coast
708,252,528,290933,514,894,2,725,-11.909,1,133,122.872,4.0,428,1,Time Has Come Today,The Chambers Brothers
709,4.91e-05,442,207027,797,293,1,749,-7.352,1,349,135.018,4.0,274,1,Sad Eyes,Crystal Castles
710,468,876,170480,716,482,1,667,-6.884,1,135,131.942,4.0,758,1,Wearing My Rolex - Radio Edit,Wiley
711,174,0.67,174122,848,168,0,385,-5.103,0,537,124.029,4.0,0.46,1,Need U (100%) [feat. A*M*E] [Radio Edit],Duke Dumont
712,268,237,311680,0.89,843,5,122,-7.445,1,599,169.792,4.0,308,1,Stoned and Starving,Parquet Courts
713,438,0.59,453949,721,155,11,352,-8.32,0,317,111.524,4.0,663,1,Reflektor,Arcade Fire
714,334,907,183581,616,425,6,0.11,-7.073,0,577,124.036,4.0,614,1,Jack,Breach
715,175,764,198907,547,161,0,0.23,-8.6,1,576,89.993,4.0,404,1,Tennis Court,Lorde
716,426,667,280080,465,649,8,465,-8.096,1,339,123.883,4.0,338,1,Primetime (feat. Miguel),Janelle Monáe
717,349,772,227880,407,2.4e-05,6,705,-7.442,0,907,100.006,4.0,287,1,"Hold On, We're Going Home",Drake
718,717,345,237973,313,822,4,0.1,-10.098,1,681,207.969,4.0,166,1,Hannah Hunt,Vampire Weekend
719,151,502,255632,732,119,1,897,-5.45,1,168,122.025,4.0,529,1,Latch,Disclosure
720,0.03,0.35,313707,844,0.0,1,177,-4.161,0,438,114.64,4.0,107,1,Play by Play,Autre Ne Veut
721,344,0.69,237040,737,0.0,1,243,-4.123,1,363,115.02,4.0,821,1,I Blame Myself,Sky Ferreira
722,278,716,205800,568,1.98e-06,2,385,-8.904,1,212,136.894,4.0,915,1,Sunday,Earl Sweatshirt
723,591,624,251627,724,7.79e-06,10,101,-7.113,1,101,78.008,4.0,0.62,1,Step,Vampire Weekend
724,189,0.74,261360,798,128,0,305,-6.55,1,146,119.964,4.0,574,1,You're Not Good Enough,Blood Orange
725,543,0.81,527705,949,957,2,155,-8.732,1,428,121.971,4.0,778,1,Strandbar (disko),Todd Terje
726,886,574,217053,324,817,0,0.28,-10.993,1,307,91.007,4.0,226,1,Open,Rhye
727,76,741,257733,894,4.89e-05,2,835,-5.648,1,69,111.969,4.0,0.31,1,Falling,HAIM
728,963,667,277688,848,213,10,317,-6.164,0,0.05,119.975,4.0,895,1,White Noise,Disclosure
729,195,122,377177,913,713,11,269,-5.815,0,499,185.906,4.0,957,1,Bumpy Road,Destruction Unit
730,715,869,275867,712,0.0,9,272,-6.136,1,103,120.0,4.0,458,1,Shabba,A$AP Ferg
731,246,841,283693,733,0.0,1,174,-5.077,1,142,130.009,4.0,291,1,Work REMIX,A$AP Ferg
732,116,816,224853,543,0.0,0,0.13,-6.923,1,238,95.04,4.0,373,1,Dope,Tyga
733,649,288,171620,394,712,7,145,-14.352,1,399,151.632,3.0,733,1,Here Comes The Night Time II,Arcade Fire
734,392,0.57,405213,742,177,6,993,-12.475,1,366,127.193,4.0,39,1,Warm In The Winter,Glass Candy
735,626,807,442213,634,288,11,442,-9.035,1,727,94.242,4.0,674,1,Don't Let It Get to Your Head,Black Harmony
736,86,656,224286,787,923,8,376,-5.01,1,43,94.495,4.0,933,1,We Fall Down,ASTR
737,152,333,264384,789,0.0,6,639,-5.784,1,782,82.66,4.0,338,1,R U With Me,ASTR
738,64,652,224685,744,2.87e-05,7,342,-4.098,0,378,123.006,4.0,488,1,Blue Hawaii,ASTR
739,986,771,218356,857,161,8,323,-6.114,0,102,108.03,4.0,0.66,1,Razor,ASTR
740,949,619,240707,324,5.42e-05,9,114,-10.146,0,271,111.927,4.0,968,1,Stay,Rihanna
741,483,701,224200,829,223,6,0.14,-5.749,0,513,132.349,4.0,501,1,The Sound Of San Francisco - Progressive Album Mix,Global Deejays
742,503,683,250653,478,5.26e-05,2,113,-12.501,1,356,115.121,4.0,771,1,Sunshine Of Your Love,Cream
743,364,507,180000,0.63,127,4,293,-8.746,1,355,130.141,4.0,559,1,Somebody to Love,Jefferson Airplane
744,514,529,178507,645,821,7,113,-8.158,1,265,112.575,4.0,464,1,San Francisco (Be Sure to Wear Flowers In Your Hair) - Single Version,Scott McKenzie
745,351,561,155040,329,311,2,116,-12.68,1,282,105.029,4.0,297,1,White Rabbit,Jefferson Airplane
746,294,827,352341,462,543,8,886,-10.673,1,623,123.994,4.0,341,1,Pleasure Power (DJ Smash Disco Remix),Afrolicious
747,134,359,229147,662,0.0,1,907,-2.843,1,466,152.096,4.0,296,1,Bound 2,Kanye West
748,969,589,323480,621,104,5,181,-6.902,0,468,140.03,4.0,398,1,Drunk in Love,Beyoncé
749,7.59e-05,597,343878,839,825,7,0.55,-6.964,1,377,108.993,4.0,199,1,Viol - Original Mix,Gesaffelstein
750,778,677,256133,0.64,477,11,93,-6.408,0,428,110.639,4.0,912,1,Good Mistake,Mr Little Jeans
751,261,556,260147,722,163,9,166,-9.541,1,475,130.028,4.0,508,1,Runaway,Mr Little Jeans
752,416,348,223227,856,0.0,2,203,-3.216,0,979,188.046,4.0,261,1,Fall In Love,Phantogram
753,207,468,235920,971,329,1,146,-3.382,0,609,92.003,4.0,814,1,You’re Not The One,Sky Ferreira
754,162,529,230213,0.95,199,9,616,-3.446,1,56,119.964,4.0,456,1,Sacrilege,Yeah Yeah Yeahs
755,233,824,299960,572,8.19e-06,11,208,-4.868,1,652,153.977,4.0,669,1,Collard Greens,ScHoolboy Q
756,0.37,645,272453,836,0.0,2,125,-7.23,0,159,123.966,4.0,176,1,Hell Of A Night,ScHoolboy Q
757,392,683,201987,692,441,9,105,-7.189,0,396,103.848,4.0,593,1,1977,Ana Tijoux
758,0.14,0.85,220347,534,893,1,313,-5.278,1,322,98.004,4.0,963,1,Latino & Proud,DJ Raff
759,796,868,342773,627,0.0,1,983,-4.843,0,116,131.097,4.0,314,1,Move That Dope,Future
760,135,702,218483,0.74,896,5,481,-5.949,0,173,145.05,4.0,583,1,Slasherr,Rustie
761,858,741,227627,449,522,5,133,-6.621,1,583,95.108,4.0,444,1,Outlines,AlunaGeorge
762,464,655,190330,704,877,0,134,-10.341,0,413,99.96,4.0,696,1,Platoon,Jungle
763,539,749,216013,857,0.0,3,192,-5.24,1,435,111.906,4.0,355,1,Man Of The Year,ScHoolboy Q
764,11,742,449499,965,607,1,703,-8.291,0,538,123.04,4.0,391,1,Spacer Woman - Vocal,Charlie
765,595,805,445417,0.79,889,0,296,-7.93,1,577,122.994,4.0,533,1,Nobody Else - Original Mix,Dusky
766,421,876,240000,675,1.16e-06,3,667,-3.28,0,146,135.959,4.0,618,1,Stoner,Young Thug
767,767,541,308360,982,765,2,291,-4.908,1,107,104.03,4.0,721,1,Elevate,St. Lucia
768,112,857,223784,981,157,8,875,-4.223,1,0.12,148.009,4.0,709,1,Independent - House Remix,Hoodfellas
769,518,771,393387,963,901,11,147,-7.294,1,363,124.0,4.0,591,1,Au Seve,Julio Bashmore
770,235,761,387774,478,972,4,458,-7.437,0,545,118.925,4.0,948,1,Synchronize,Discodeine
771,204,805,285015,879,595,6,578,-5.747,1,521,123.013,4.0,713,1,Don't Miss,The Alexanders
772,118,682,295020,953,622,11,256,-3.873,0,474,124.996,4.0,324,1,Coucou disco,Dim Sum
773,725,801,315001,718,0.91,0,747,-6.246,1,746,123.999,4.0,817,1,Vowel Play - Original,Them Jeans
774,188,661,311920,837,0.0,5,362,-3.78,0,114,102.831,4.0,615,1,The Devil Is A Lie,Rick Ross
775,454,895,194133,783,0.0,6,137,-4.983,1,102,147.65,4.0,696,1,North North,Project Pat
776,548,706,206148,707,313,0,0.1,-5.212,0,351,144.877,4.0,246,1,Temporary View,SBTRKT
777,0.15,516,210680,718,163,5,167,-8.571,0,257,129.857,4.0,0.58,1,"III. Telegraph Ave. (""Oakland"" by Lloyd)",Childish Gambino
778,106,653,184538,781,568,0,596,-7.433,1,376,101.029,4.0,0.49,1,Accelerate,Jungle
779,763,707,275227,709,0.0,11,274,-3.979,0,0.34,89.094,4.0,497,1,0 To 100 / The Catch Up,Drake
780,505,794,194561,0.51,1.81e-06,9,562,-7.314,1,0.42,167.879,4.0,189,1,Hot N*gga,Bobby Shmurda
781,394,484,160187,265,0.0,0,149,-11.101,1,322,113.564,3.0,282,1,You'll Never Walk Alone - 2002 Remastered Version,Gerry & The Pacemakers
782,599,487,324807,0.68,339,7,144,-8.497,0,408,94.46,3.0,76,1,Your Soul,Hippie Sabotage
783,126,0.6,588520,811,0.05,8,969,-10.199,0,102,100.894,4.0,372,1,dance yrself clean - live at madison square garden,LCD Soundsystem
784,713,628,303560,575,233,10,635,-11.591,0,588,108.166,4.0,182,1,Running Up That Hill (A Deal With God),Kate Bush
785,323,227,230373,635,125,7,117,-9.169,1,754,170.179,4.0,0.36,1,High Ball Stepper,Jack White
786,768,275,283872,216,897,5,832,-13.818,1,345,116.388,4.0,176,1,The Great Gig In The Sky - 2011 Remastered Version,Pink Floyd
787,416,644,211200,848,168,4,629,-4.952,0,511,99.989,4.0,302,1,All We Need (feat. Shy Girls),ODESZA
788,692,564,212986,846,175,4,452,-5.897,0,437,122.035,4.0,695,1,Catamaran,Allah-Las
789,712,277,235747,0.29,459,1,228,-8.541,1,332,71.302,4.0,576,1,Fool,Perfume Genius
790,296,609,291092,909,785,5,262,-7.302,0,921,114.019,4.0,416,1,Bulbform,TR/ST
791,563,417,167091,0.73,3.31e-06,5,766,-6.774,1,363,81.179,4.0,0.44,1,Passing Out Pieces,Mac Demarco
792,0.36,784,212154,649,684,0,115,-6.905,1,292,140.203,4.0,503,1,Tuesday,ILoveMakonnen
793,674,289,149013,942,917,2,405,-3.207,1,519,137.281,4.0,302,1,Drop Dead Baby,Ty Segall
794,342,313,155013,893,0.0,11,877,-3.891,0,463,127.11,4.0,709,1,My Sunshine,Ty Segall
795,588,803,426850,769,0.9,6,683,-7.025,1,561,122.992,4.0,0.17,1,BIG Fun - Full Intention 88 Remix,Inner City
796,421,895,232533,517,9.72e-06,2,511,-9.972,1,101,141.536,4.0,961,1,Natty Dread A Weh She Want,Horace Andy
797,326,598,228707,885,265,8,107,-3.992,0,383,87.914,4.0,593,1,DLZ,TV On The Radio
798,123,749,258773,855,164,1,329,-10.105,1,406,128.339,4.0,0.61,1,Whatcha Gonna Do,Koopsta Knicca
799,625,758,252333,629,144,7,109,-8.283,0,106,112.575,3.0,0.26,1,18 With A Bullet,Pete Wingfield
800,602,746,190733,484,824,1,576,-9.614,1,434,97.923,4.0,596,1,The Boss,James Brown
801,234,191,194400,979,283,7,617,-3.402,1,191,179.236,4.0,313,1,Drifting In And Out,Porcelain Raft
802,389,856,194747,719,9.03e-06,10,935,-6.519,0,746,146.032,4.0,369,1,Made Me,Snootie Wild
803,605,583,263397,515,691,11,931,-9.283,0,571,115.732,4.0,621,1,Way to be Loved,TOPS
804,42,0.22,82893,0.94,541,0,926,-2.397,1,511,83.072,4.0,0.72,1,Just Wanna Love You Girl,Epsilons
805,464,535,178867,0.91,9.32e-05,10,745,-4.827,1,328,111.027,4.0,956,1,Be Brave,The Strange Boys
806,619,722,175867,0.28,786,10,141,-13.483,0,583,66.711,4.0,466,1,Tupelo (Pt. 1) - Single Version,Albert King
807,758,747,229640,894,897,1,918,-5.226,1,961,90.493,4.0,0.57,1,Candyman,Cornershop
808,565,0.63,247293,374,146,5,107,-11.305,1,177,166.999,4.0,573,1,Somebody Was Watching,Pops Staples
809,615,508,174067,247,352,0,166,-15.432,0,748,200.749,3.0,484,1,Tupelo - Part 1,Pop Staples
810,207,0.54,360867,0.21,765,0,334,-18.687,0,461,103.081,3.0,411,1,Tupelo,Steve Cropper
811,114,665,216728,513,303,0,122,-7.314,1,331,100.344,3.0,373,1,"Damn Son, Where'd You Find This? - Future of TRAP Mix",Trendsetter
812,884,0.51,286290,603,286,9,569,-6.949,0,174,139.876,4.0,94,1,I'm in LOVE With GO-GO Dancer (Disco Diva) - Future of TRAP Mix,Trendsetter
813,114,665,216728,513,303,0,122,-7.314,1,331,100.344,3.0,373,1,Damn Son Where'd You Find This? (feat. Kelly Holiday) - Markus Maximus Remix,Markus Maximus
814,321,647,369235,793,833,3,401,-7.416,0,454,130.007,4.0,188,1,Work - The Advent & Spiriakos Remix,ZZT
815,612,649,175733,406,0.0,2,103,-10.43,1,803,110.091,3.0,478,1,Mannish Boy,Muddy Waters
816,172,683,315094,805,231,5,357,-5.24,1,353,123.658,4.0,836,1,Holding On,Disclosure
817,0.99,148,175173,31,595,2,0.12,-25.756,0,365,141.84,3.0,638,1,"Mozart: Requiem in D Minor, K. 626: VIII. Lacrimosa",Nikolaus Harnoncourt
818,227,873,165544,504,0.0,0,121,-5.39,1,166,145.995,4.0,647,1,My Main,Mykfresh
819,497,376,825027,801,149,2,683,-10.662,0,474,152.826,4.0,807,1,Southern Man - Live,"Crosby, Stills, Nash & Young"
820,113,523,203046,863,204,8,113,-4.975,0,553,124.046,4.0,428,1,Won't Look Back,Duke Dumont
821,226,586,214227,892,827,11,0.17,-4.937,0,574,132.048,4.0,523,1,Chrome Knight - Feat. Chromeo,Surkin
822,666,827,202360,503,443,1,123,-11.007,1,352,119.35,4.0,0.94,1,Black Boy,Pops Staples
823,0.11,589,382733,616,204,5,721,-9.475,0,312,96.616,4.0,869,1,Give Me The Sunshine,Leo's Sunshipp
824,391,702,311892,495,0.8,0,112,-11.645,0,493,78.507,4.0,292,1,Motherless Child,Romare
825,975,582,252038,875,912,0,143,-6.912,1,513,113.036,4.0,358,1,Giudecca,Ghost Culture
826,169,374,293851,853,2.72e-05,11,322,-3.571,0,295,200.035,4.0,422,1,Living Every Dream,Antwon
827,339,422,259301,851,0.0,11,152,-4.031,1,398,93.649,4.0,667,1,Easy Rider,Action Bronson
828,127,474,271822,837,197,5,169,-6.503,1,514,165.844,4.0,243,1,Nissim,The Gaslamp Killer
829,0.13,0.61,178560,672,283,7,109,-7.436,0,305,129.986,4.0,925,1,Topless,Orlando Julius
830,597,571,207360,836,108,10,106,-6.906,0,215,93.641,4.0,0.54,1,Breakthrough,The Funkees
831,672,802,451341,872,197,5,941,-6.346,0,557,117.005,4.0,0.68,1,Stand Up - Tiger & Woods Remix,Pitchben
832,218,793,194240,607,4.95e-06,4,348,-6.488,0,821,140.992,4.0,0.16,1,Blow a Bag,Future
833,319,846,328962,472,398,0,0.1,-9.13,0,662,124.984,4.0,671,1,Ain't got nobody,Sísý Ey
834,269,575,302987,641,121,6,211,-8.105,0,325,91.714,4.0,901,1,I Want'a Do Something Freaky To You,Leon Haywood
835,997,787,484853,916,811,0,588,-8.542,0,47,116.007,4.0,507,1,I Got a Feeling,Shit Robot
836,304,614,218413,575,116,5,108,-5.819,0,285,150.009,4.0,284,1,Standard,Empress Of
837,103,835,389508,481,0.81,8,113,-9.606,1,136,121.993,4.0,304,1,What I Might Do - Club Mix,Ben Pearce
838,201,696,398747,852,125,4,736,-4.281,0,373,128.28,4.0,971,1,Let's Lovedance Tonight - Danny Krivit Re-edit - Original Disco Version,Gary's Gang
839,611,597,172667,0.71,0.0,5,104,-9.798,1,378,150.13,4.0,767,1,Do You Love Me,The Contours
840,185,609,377893,664,195,7,105,-9.116,0,472,105.976,4.0,944,1,Too Bad I Have To Destroy You Now,Kid Cudi
841,737,571,176800,839,281,3,195,-5.799,0,517,127.356,4.0,813,1,Louie Louie,The Sonics
842,229,494,147893,666,5.69e-05,9,469,-9.743,0,351,140.832,4.0,704,1,Heart Full of Soul,The Yardbirds
843,236,347,150627,638,0.0,2,894,-10.258,1,409,94.506,4.0,594,1,For Your Love,The Yardbirds
844,436,684,250000,486,9.77e-05,2,0.12,-12.521,1,385,115.076,4.0,821,1,Sunshine Of Your Love,Cream
845,641,787,520311,679,912,7,618,-12.377,1,534,117.501,3.0,214,1,Taifa - The Emperor Machine Mix,Partial Arts
846,254,696,502888,643,834,7,276,-10.124,1,407,117.514,4.0,537,1,Taifa,Partial Arts
847,43,894,376000,676,348,8,425,-9.707,1,979,121.0,4.0,715,1,Make It,Patrick Di Stefano
848,524,0.81,418187,547,854,10,101,-12.295,0,558,120.752,4.0,817,1,Face It,Master C & J
849,263,739,257600,878,407,6,477,-5.464,0,788,126.705,4.0,855,1,Mary-Mary (M&M Unreleased Mix) [feat. Dajae],Grand High Priest
850,173,641,262000,954,425,5,535,-6.765,0,589,122.79,4.0,827,1,Supernature - Edit,Cerrone
851,136,829,321067,0.65,2.15e-05,10,0.15,-9.691,1,0.06,108.398,4.0,744,1,I'll Be Good,Rene & Angela
852,479,777,318470,671,244,11,286,-7.803,0,386,123.974,4.0,482,1,Defected In The House Ibiza 2013 Mixtape,Simon Dunmore
853,271,567,336800,851,0.0,1,569,-5.897,1,484,80.935,4.0,598,1,"A Day In The Life - feat. RZA, The Mars Volta & AG + Good Hygiene feat. Tim Meadows Amended CD Version",Handsome Boy Modeling School
854,934,0.44,254360,433,811,2,273,-17.453,0,412,79.952,4.0,217,1,Episode I - Duel of The Fates,John Williams
855,813,745,132947,544,0.0,5,975,-9.137,0,654,125.345,4.0,776,1,Three Cool Cats,The Coasters
856,113,616,200800,943,1.67e-06,1,346,-5.305,0,444,129.963,4.0,802,1,Mercy,The Third Degree
857,557,462,176147,714,881,1,368,-8.772,1,386,144.952,4.0,375,1,Do I Love You?,The Ronettes
858,916,334,700027,265,837,2,168,-17.219,1,477,113.12,4.0,549,1,Night on Bald Mountain,Modest Mussorgsky
859,325,686,280480,0.61,123,5,984,-7.952,0,297,143.598,4.0,861,1,Akue We Non Houme - Jerk Fon,T. P. Orchestre Poly-Rythmo
860,517,691,445227,714,164,1,178,-9.694,1,46,91.045,4.0,0.96,1,Ecoute ma mélodie - Bossa Afro,T. P. Orchestre Poly-Rythmo
861,292,592,265827,688,268,6,508,-14.107,1,115,102.099,4.0,927,1,Ole,The Funkees
862,164,653,373333,875,311,9,377,-5.232,1,125,116.956,4.0,796,1,Greetings,Joni Haastrup
863,314,0.86,304138,857,0.38,6,694,-4.23,1,933,121.999,4.0,826,1,5thep,Todd Osborn
864,114,682,319760,0.78,735,7,862,-9.948,1,538,115.564,4.0,334,1,Cavern,Liquid Liquid
865,491,703,194147,464,0.0,6,146,-5.977,0,118,95.012,4.0,689,1,Your Love,Mick Jenkins
866,895,444,151092,412,0.64,0,145,-11.569,1,465,184.012,3.0,364,1,Sleepwalk,Santo & Johnny
867,624,476,309064,571,353,5,349,-7.223,0,55,141.221,5.0,419,1,What I Might Do - Kilter Remix,Ben Pearce
868,286,313,309524,872,2.26e-05,1,0.15,-5.058,0,733,122.362,4.0,389,1,Waiting Around For Grace,Pond
869,4.19e-05,636,326129,864,887,5,104,-9.618,0,44,123.972,4.0,611,1,Nobodys Fool - Ben Pearce Remix,Real Connoisseur
870,983,632,342173,586,581,0,535,-11.333,1,284,114.243,4.0,889,1,Smoke On The Water,Deep Purple
871,314,0.43,193427,734,286,9,808,-10.043,0,102,133.992,4.0,537,1,Able to See Me,Hippie Sabotage
872,809,833,186567,684,0.0,7,952,-6.325,1,43,112.7,4.0,954,1,Oogum Boogum Song,Brenton Wood
873,723,688,427227,421,625,11,734,-9.015,0,445,138.0,4.0,0.63,1,The Gaudy Side of Town,Gayngs
874,577,438,290587,404,759,4,767,-11.815,0,389,137.895,4.0,134,1,The Walker,Gayngs
875,0.59,789,219129,698,802,7,0.11,-7.842,1,304,120.961,4.0,713,1,Ultimate Painting,Ultimate Painting
876,156,819,214154,671,136,5,0.2,-6.947,0,393,129.921,4.0,555,1,Agorinha,Sango
877,887,366,210400,407,263,2,114,-10.047,1,265,148.436,3.0,352,1,I'm Glad,Captain Beefheart & His Magic Band
878,149,0.71,255333,959,2.1e-05,1,336,-6.697,0,209,108.006,4.0,492,1,Apollo Throwdown (Star Slinger Remix),The Go! Team
879,727,582,302120,734,202,6,0.76,-6.987,0,675,127.071,4.0,638,1,Boys Life,Small Black
880,349,545,212147,507,2.92e-06,0,157,-7.534,0,392,124.311,4.0,685,1,Dirt And Grime,Fathers Children
881,4.61e-06,479,230560,854,5.72e-05,11,372,-6.101,1,405,136.067,4.0,0.55,1,Pedestrian at Best,Courtney Barnett
882,175,564,220573,737,0.0,9,54,-4.079,1,414,104.764,4.0,231,1,Middle,DJ Snake
883,198,0.89,326318,0.52,273,2,638,-6.927,0,187,114.959,4.0,717,1,Something About You - Extended Mix,Hayden James
884,543,363,178772,755,105,1,84,-6.654,0,0.12,114.407,4.0,736,1,Only You,Mac Demarco
885,101,867,302880,669,683,9,583,-7.897,0,573,121.99,4.0,696,1,The One,ZHU
886,612,0.59,219560,578,162,10,837,-5.798,0,528,81.663,4.0,262,1,Way Down We Go,Kaleo
887,825,832,365747,496,825,11,114,-10.601,0,597,117.741,4.0,854,1,Deeper Than Love,Colleen Green
888,478,839,181260,585,281,2,435,-7.738,1,153,89.821,4.0,894,1,Back Pocket,Vulfpeck
889,716,447,156467,416,426,9,125,-12.181,0,258,103.068,4.0,309,1,All I Wanna Do,The Beach Boys
890,328,598,260400,657,2.72e-05,8,172,-7.466,1,386,114.969,4.0,0.2,1,Water,Jamaican Queens
891,664,643,335399,889,884,3,904,-7.043,0,499,131.999,4.0,658,1,You,Ejeca
892,324,746,383107,613,672,7,167,-10.104,1,475,125.317,4.0,627,1,Voodoo Ray - Danny Tenaglia Remix,A Guy Called Gerald
893,624,906,311365,648,857,11,272,-8.742,0,734,123.98,4.0,646,1,Jack,Breach
894,334,907,183581,616,425,6,0.11,-7.073,0,577,124.036,4.0,614,1,Jack,Breach
895,331,578,237672,633,0.0,8,635,-10.117,0,279,101.534,4.0,635,1,Mary Jane (Jamie Xx - Girl Remix),Jamie xx
896,431,808,362282,916,598,10,445,-4.54,1,635,121.99,4.0,0.69,1,Chunky - Club Mix,Format:B
897,252,745,272677,894,878,8,137,-4.721,0,448,127.99,4.0,0.49,1,One Who Lost,DJ Dodger Stadium
898,125,634,405933,858,0.84,1,984,-11.661,1,417,123.991,4.0,233,1,Delorean Dynamite,Todd Terje
899,198,603,145773,921,35,5,133,-3.555,0,931,122.978,4.0,814,1,Do You Want a Man - Heaven & Hell Remix,William Onyeabor
900,166,587,205307,841,0.53,11,117,-5.079,0,476,142.95,4.0,696,1,Celebrando,CLUBZ
901,289,0.93,204992,483,244,3,103,-9.925,1,411,120.022,4.0,577,1,No Eyes (Radio Edit),Claptone
902,124,585,264000,0.62,164,6,135,-9.075,1,538,80.021,4.0,715,1,Fanfare,Magic City Hippies
903,245,803,316373,427,405,8,953,-10.819,1,509,118.008,4.0,451,1,Dorothy,Polo & Pan
904,411,757,199200,868,221,9,355,-9.326,1,62,138.923,4.0,787,1,Long Cool Woman (In A Black Dress) - 1999 Remastered Version,The Hollies
905,157,729,267000,818,285,2,195,-9.992,1,732,125.811,4.0,909,1,Bang A Gong [Get It On] (Remastered Single/LP Version),T. Rex
906,2.6e-05,0.76,272082,669,76,11,666,-8.583,1,521,122.007,4.0,683,1,Paris Groove (Original Mix),Boston Bun
907,885,0.79,312000,427,446,11,514,-11.361,0,541,116.986,4.0,961,1,Nothing,HNNY
908,207,786,206081,963,12,9,169,-2.84,0,127,94.63,4.0,0.9,1,Hey DJ,Worlds Famous Supreme Team
909,242,708,196000,441,147,11,899,-12.931,1,196,125.191,4.0,717,1,Tighten Up - Pt. 1,Archie Bell & The Drells
910,643,729,261853,666,135,5,947,-10.721,1,525,109.554,4.0,872,1,Ohye Atar Gyan,Ebo Taylor
911,312,0.76,370813,636,534,8,622,-11.605,1,902,99.223,4.0,682,1,Heaven,Ebo Taylor
912,847,661,128053,0.76,334,9,137,-9.509,1,918,111.165,4.0,975,1,I'm Walkin' - 2002 Digital Remaster,Fats Domino
913,428,704,405560,895,0.28,10,267,-7.81,1,647,118.662,4.0,865,1,"Bizarre Love Triangle - Shep Pettibone 12"" Remix",New Order
914,154,606,195307,913,905,9,326,-7.865,1,417,146.15,4.0,0.82,1,Dreams Never End - 2015 Remastered Version,New Order
915,207,587,546467,915,579,4,136,-8.307,0,404,128.004,4.0,539,1,Plastic - Extended Mix,New Order
916,0.16,0.66,172507,591,848,4,632,-8.497,0,26,100.034,4.0,835,1,You Are the Right One,Sports
917,779,0.34,207813,454,188,9,337,-12.279,0,503,100.089,5.0,0.39,1,Let Me Try,Kaleidoscope
918,476,723,418880,755,147,10,469,-9.381,1,576,97.195,4.0,573,1,Thinking of You,Lord Echo
919,717,285,163213,512,0.0,7,842,-8.103,1,334,94.922,4.0,0.48,1,Just Say The Word,Jerry Townes
920,218,0.63,590707,862,527,2,618,-6.12,0,501,103.118,4.0,698,1,Obi Agye Me Dofo,Vis à Vis
921,783,418,219800,962,6.61e-05,0,136,-15.078,1,559,184.721,3.0,342,1,I'm Going Down,Rose Royce
922,87,529,258440,571,6.34e-06,6,876,-6.264,0,298,102.428,4.0,104,1,Said So What,French Kicks
923,112,465,232867,727,802,8,964,-5.181,0,353,118.149,4.0,0.47,1,Carl Sagan,Night Moves
924,133,0.69,498333,911,907,6,127,-9.075,1,499,124.019,4.0,0.62,1,Muzik Xpress,X-Press 2
925,44,449,234613,962,897,1,397,-4.293,0,112,154.979,4.0,296,1,A Hundred Ropes,Minor Victories
926,0.9,582,238400,401,538,2,157,-8.731,1,28,112.357,4.0,414,1,No Woman,Whitney
927,934,0.44,254360,433,811,2,273,-17.453,0,412,79.952,4.0,217,1,Episode I - Duel of The Fates,John Williams
928,395,669,574800,904,406,11,116,-5.487,1,598,107.83,4.0,921,1,Giant,The The
929,189,622,319125,752,124,4,443,-6.964,0,124,126.047,4.0,576,1,Hush,Magic City Hippies
930,6.89e-05,286,215822,704,34,9,192,-5.12,0,374,145.843,4.0,185,1,Desire,DILLY DALLY
931,552,373,202200,0.63,0.0,7,107,-5.131,1,461,115.942,4.0,357,1,Shut Up Kiss Me,Angel Olsen
932,136,906,235040,444,6.44e-05,4,173,-8.692,0,384,140.063,4.0,0.68,1,No Heart,21 Savage
933,134,789,162815,682,1.39e-06,10,128,-6.841,0,54,109.988,4.0,562,1,We Want Some Pussy,Ezale
934,155,822,156879,863,632,7,913,-8.035,1,196,100.959,4.0,608,1,We Out Here,Ezale
935,599,756,257053,853,562,9,115,-5.92,0,525,100.004,4.0,426,1,By Design,Kid Cudi
936,189,555,52006,759,459,7,248,-6.214,0,142,192.272,4.0,0.23,1,Aloha,Chris Bear
937,633,897,334467,661,0.0,8,116,-6.2,0,0.27,127.081,4.0,204,1,Bad and Boujee (feat. Lil Uzi Vert),Migos
938,0.56,654,185804,499,907,4,169,-9.084,0,428,103.966,4.0,124,1,The Winner Is - from Little Miss Sunshine,DeVotchKa
939,442,679,321560,462,793,3,846,-10.128,1,326,120.012,4.0,289,1,Virile,The Blaze
940,4,804,434958,0.64,935,5,812,-8.598,1,404,124.007,4.0,451,1,Let Me Tell U,Jimmy Edgar
941,78,815,489750,459,826,10,67,-12.588,0,906,124.996,4.0,616,1,Wonky Bassline Disco Banger,Red Rack'Em
942,1.65e-05,499,395200,506,941,9,784,-16.778,0,149,186.328,3.0,367,1,Remember,Gino Soccio
943,423,0.84,397388,918,613,7,306,-9.251,1,672,124.847,4.0,468,1,Anti Social Tendencies,The Parallax Corporation
944,109,816,179865,747,756,3,811,-8.066,1,711,119.98,4.0,144,1,What Time Is Love (Live at SSL mix),Lifelike
945,16,646,142584,757,243,7,112,-6.089,1,101,108.438,4.0,635,1,The Spirit Blossoms All Over the Land,Onra
946,28,658,109031,568,356,1,105,-7.579,1,312,128.638,4.0,881,1,On the Lips,Frankie Cosmos
947,159,865,250273,603,428,3,782,-11.289,1,532,135.006,4.0,595,1,Stripper,Fancy Fux
948,3,754,281658,968,795,9,194,-4.419,1,168,124.971,4.0,0.55,1,Operator (Ring Ring) ft. Dances With White Girls,Chris Lake
949,372,0.89,400926,443,385,0,369,-8.654,1,497,122.002,4.0,195,1,Big Jet Plane - Animal Trainer Remix,Jan Blomqvist
950,514,731,515087,638,332,9,144,-8.738,0,144,143.018,4.0,0.33,1,Fight,Nicolas Jaar
951,109,748,250000,623,0.0,5,0.15,-5.08,1,285,105.045,4.0,194,1,Bambi,Jidenna
952,758,744,169333,555,0.0,3,108,-6.744,1,321,121.241,4.0,775,1,Raindrops,The Silvertones
953,0.34,0.77,181867,409,0.0,4,993,-13.387,1,436,80.126,4.0,869,1,Truths & Rights,Johnny Osbourne
954,269,663,361173,602,8.81e-05,9,118,-11.013,1,132,149.51,4.0,899,1,Smoke,Ohio Players
955,411,236,186426,706,5.43e-06,0,953,-6.544,1,601,105.624,3.0,313,1,You Are My Special Angel,The Vogues
956,666,354,138933,366,0.0,5,167,-10.799,0,345,111.057,3.0,561,1,Just A Little Lovin',Dusty Springfield
957,517,367,215840,215,0.0,0,618,-16.652,1,288,98.742,3.0,255,1,Unchained Melody,The Righteous Brothers
958,594,0.58,213560,859,163,0,463,-4.532,1,649,129.959,4.0,285,1,Howl,Florence + The Machine
959,173,916,183695,571,1.11e-06,10,153,-8.241,0,0.2,103.521,4.0,467,1,For Free,DJ Khaled
960,681,767,430576,686,0.91,7,111,-10.476,1,461,114.07,4.0,578,1,Mystery Of Love,Mr. Fingers
961,853,864,126467,552,778,5,94,-8.851,0,495,112.378,4.0,0.74,1,Hung Over,The Martini's
962,661,457,176613,909,1.54e-06,7,124,-3.189,1,576,93.193,4.0,844,1,"Bold Soul Sister, Bold Soul Brother - USDEA0400901",The Black On White Affair
963,543,785,196570,796,291,5,108,-5.815,0,379,136.05,4.0,806,1,Cane Shuga,Glass Animals
964,211,418,230720,547,443,1,187,-4.932,1,295,131.99,4.0,127,1,Queen,Perfume Genius
965,378,0.81,369627,793,1.82e-06,6,72,-9.404,0,403,116.049,4.0,0.86,1,Get Lucky,Daft Punk
966,159,588,269267,596,0.0,1,898,-4.994,1,556,130.346,4.0,602,1,Bugatti,Ace Hood
967,384,841,195474,729,0.0,6,276,-3.047,0,239,132.073,4.0,0.43,1,Versace,Migos
968,954,775,188013,823,0.0,1,144,-6.091,1,271,130.041,4.0,288,1,Black Skinhead,Kanye West
969,147,0.85,261321,509,0.0,6,759,-9.637,0,378,134.9,4.0,769,1,Type of Way,Rich Homie Quan
970,444,413,225867,633,0.0,7,361,-5.188,1,558,170.016,4.0,184,1,Recover,CHVRCHES
971,222,0.76,199227,0.79,0.0,10,268,-3.835,1,344,94.017,4.0,0.57,1,Bitter Rivals,Sleigh Bells
972,745,409,175480,532,523,2,795,-6.266,1,33,99.935,4.0,354,1,Gonna Die,Autre Ne Veut
973,957,342,171613,159,114,9,101,-18.127,1,477,91.963,4.0,329,1,Angels,The xx
974,475,606,228147,503,0.0,7,116,-6.678,0,155,80.04,4.0,325,1,GOT IT GOOD,KAYTRANADA
975,369,647,285596,762,641,0,884,-7.765,1,363,120.832,4.0,438,1,I Got U,Duke Dumont
976,216,709,343800,669,125,11,146,-8.422,0,409,105.004,4.0,106,1,Something About You - ODESZA Remix,Hayden James
977,156,378,282053,572,152,0,579,-6.361,1,175,134.957,4.0,332,1,Oblivion,The Seshen
978,112,555,187000,699,319,6,488,-7.871,0,105,170.02,4.0,544,1,Distant Heart,The Seshen
979,382,735,277975,555,856,1,952,-8.84,0,366,100.01,4.0,535,1,Finally Moving,Pretty Lights
980,564,607,248000,435,178,6,171,-6.604,0,475,120.045,4.0,255,1,Want My Love,Cathedrals
981,369,448,258653,733,425,3,169,-6.238,1,292,142.008,4.0,404,1,Myth,Beach House
982,655,507,194253,466,363,1,929,-11.966,1,862,157.013,4.0,978,1,Weary,Solange
983,138,667,250707,658,685,6,602,-7.71,1,756,91.98,4.0,0.36,1,Treat Me Like Fire,LION BABE
984,345,855,225181,605,573,2,757,-7.403,0,637,114.999,4.0,676,1,Something About You,Hayden James
985,0.2,739,556924,848,824,1,111,-4.598,0,332,125.02,4.0,782,1,Let It Happen - Soulwax Remix,Tame Impala
986,739,833,301240,663,351,2,814,-3.639,1,105,103.693,4.0,457,1,Hood Pass Intact,Dâm-Funk
987,535,654,247600,641,321,8,209,-9.771,1,482,114.696,4.0,778,1,Let's Dance (Single Version) [2002 Remastered Version],David Bowie
988,208,514,233818,632,132,2,115,-6.305,1,501,94.569,4.0,0.31,1,Ode To Viceroy,Mac Demarco
989,19,468,260013,0.88,704,1,409,-5.086,1,57,176.972,4.0,645,1,Five Seconds,Twin Shadow
990,135,756,246893,415,0.0,8,144,-14.429,1,555,96.99,4.0,662,1,No Sleep Till Brooklyn,Beastie Boys
991,208,869,233787,687,"1,00E-06",1,114,-6.816,1,263,96.006,4.0,668,1,F**kin' Problems,A$AP Rocky
992,144,709,310187,412,101,8,814,-11.602,1,488,174.062,4.0,505,1,Swerve... the reeping of all that is worthwhile (Noir not withstanding),Shabazz Palaces
993,559,521,182160,851,0.0,2,267,-3.235,1,336,130.032,4.0,825,1,Never Saw The Point,Cults
994,852,858,203373,789,0.0,11,229,-7.462,0,291,125.993,4.0,658,1,212,Azealia Banks
995,4.69e-06,566,123547,869,309,0,503,-7.614,1,335,129.948,4.0,656,1,Forgiven/Forgotten,Angel Olsen
996,148,701,462267,788,625,2,977,-5.611,1,425,142.584,4.0,794,1,All My Friends,LCD Soundsystem
997,374,772,167158,612,2.44e-06,7,108,-7.274,0,254,142.911,4.0,557,1,Lay Up,Future
998,142,714,135920,566,1.25e-06,7,0.57,-4.408,1,56,113.074,4.0,429,1,Father Stretch My Hands Pt. 1,Kanye West
999,313,515,238419,902,0.0,6,93,-4.729,0,383,174.589,5.0,617,1,Big For Your Boots,Stormzy
1000,531,859,219737,624,124,1,184,-5.437,1,915,149.948,4.0,628,1,No Security,Skepta
1001,381,709,176589,797,0.0,0,143,-4.316,1,335,139.639,4.0,474,1,Fam,Saskilla
1002,102,699,197452,724,0.0,1,865,-5.126,1,223,140.157,4.0,412,1,Mr Skeng,Stormzy
1003,377,497,196480,734,0.0,1,151,-6.112,1,382,139.096,4.0,382,1,Beauty and the Beast,Bugzy Malone
1004,669,832,187585,854,0.0,2,802,-4.92,1,296,136.213,4.0,583,1,I Win,Lethal Bizzle
1005,285,0.88,151987,697,7.66e-05,4,889,-8.468,0,328,129.989,4.0,761,1,Plottin,J HUS
1006,289,506,240363,0.43,139,10,135,-17.402,0,317,137.644,4.0,294,1,M.E.N,Bugzy Malone
1007,202,732,156961,974,0.0,1,853,-2.158,1,168,137.905,4.0,713,1,Cold,Stormzy
1008,671,539,166304,0.74,0.0,6,0.12,-7.157,0,401,139.608,4.0,645,1,Toothache,Jaykae
1009,352,494,179009,0.78,0.0,2,396,-5.841,1,301,139.725,4.0,884,1,Coward,Chip
1010,298,545,278227,904,117,6,679,-5.201,1,0.34,139.871,4.0,681,1,3 Wheel-ups (feat. Wiley & Giggs),Kano
1011,397,739,181714,665,0.0,1,901,-6.075,0,441,139.87,4.0,357,1,T On the Wing,President T
1012,134,603,246685,0.64,0.0,1,434,-5.215,1,291,125.462,4.0,311,1,Bad Boys (feat. Ghetts and J Hus),Stormzy
1013,641,667,201964,673,"4,00E-06",0,975,-7.574,1,323,144.256,4.0,661,1,Thiago Silva,Dave
1014,375,561,195419,588,0.0,8,84,-7.628,1,413,83.204,5.0,683,1,And Dat (Ft. Stormzy),Bonkaz
1015,258,812,181114,937,0.0,1,239,-1.894,1,295,139.997,4.0,851,1,6 In The Morning,Wiley
1016,103,745,143214,822,4.2e-06,7,155,-6.354,1,252,86.733,5.0,374,1,Skepta Interlude,Drake
1017,329,673,213251,922,0.0,4,924,-5.311,1,217,140.008,4.0,364,1,Man Don't Care,Jme
1018,0.35,794,187400,801,0.0,0,799,-6.433,1,271,147.072,4.0,0.73,1,Luke Cage,AJ Tracey
1019,0.1,575,188875,723,0.0,7,483,-4.956,1,314,107.039,3.0,822,1,Shutdown,Skepta
1020,819,0.64,227222,196,3.63e-05,4,978,-11.478,1,267,143.919,4.0,273,0,My Old Man,Zac Brown Band
1021,677,587,180252,628,1.88e-06,1,122,-5.703,1,431,92.003,4.0,0.65,0,Losing Sleep,Chris Young
1022,13,631,187813,716,0.0,10,756,-5.713,1,432,88.541,4.0,637,0,Sleep Without You,Brett Young
1023,231,589,194413,809,0.0,3,719,-5.292,1,376,88.965,4.0,464,0,Yeah Boy,Kelsea Ballerini
1024,907,612,227373,841,0.0,9,0.37,-3.795,0,353,104.986,4.0,502,0,Craving You,Thomas Rhett
1025,0.01,553,154320,743,0.0,2,812,-5.483,1,368,149.962,4.0,574,0,More Girls Like You,Kip Moore
1026,538,548,188293,877,8.22e-06,7,314,-5.481,1,367,84.009,4.0,694,0,Heart Break,Lady Antebellum
1027,151,528,251067,842,"3,00E-05",11,117,-6.217,1,411,83.948,4.0,797,0,Cut Your Groove,Charlie Worsham
1028,0.27,663,211160,656,279,1,117,-6.548,1,413,120.037,4.0,555,0,Black,Dierks Bentley
1029,549,0.53,187760,809,0.0,6,741,-4.745,0,388,82.022,4.0,703,0,The Weekend,Brantley Gilbert
1030,966,525,190227,657,0.0,1,119,-5.28,0,54,176.127,4.0,313,0,Reasons,Jillian Jacqueline
1031,244,553,206573,747,0.0,9,363,-5.905,1,292,73.033,4.0,702,0,Small Town Boy,Dustin Lynch
1032,102,533,208733,0.91,0.0,8,108,-3.087,1,566,113.054,4.0,481,0,Yours If You Want It,Rascal Flatts
1033,148,726,231173,595,433,11,106,-6.846,1,393,115.0,4.0,666,0,Roots,Zac Brown Band
1034,733,584,171067,716,0.0,0,879,-4.737,1,342,90.005,4.0,527,0,Sunday Morning,Parmalee
1035,165,443,223800,804,2.89e-06,10,181,-6.432,1,406,151.928,4.0,437,0,Hurricane,Luke Combs
1036,124,521,176987,805,219,9,0.33,-4.481,1,289,141.967,4.0,549,0,Think A Little Less,Michael Ray
1037,661,476,231920,527,0.0,1,307,-6.406,1,399,152.117,3.0,205,0,Speak to a Girl,Tim McGraw
1038,159,591,185474,577,0.0,2,162,-6.107,1,331,156.107,4.0,0.52,0,Man Enough Now,Chris Bandi
1039,335,0.5,214507,622,0.0,9,327,-6.691,1,329,83.886,4.0,293,0,If I Told You,Darius Rucker
1040,234,674,167200,706,7.98e-05,8,958,-4.824,1,586,160.023,4.0,962,0,Happy People,Little Big Town
1041,144,631,227573,658,0.0,5,0.22,-5.313,1,281,80.996,4.0,692,0,All On Me,Devin Dawson
1042,494,562,217280,0.94,0.0,5,217,-4.337,1,114,103.009,4.0,466,0,Somethin' I'm Good At,Brett Eldredge
1043,214,638,196422,634,0.0,6,866,-6.474,1,468,92.097,4.0,445,0,I Could Use a Love Song,Maren Morris
1044,733,409,16042,645,0.0,1,132,-8.336,0,771,74.923,4.0,421,0,Zac Brown Band - Hot Country,Various Artists
1045,968,434,266787,664,0.0,8,141,-5.883,1,346,145.861,4.0,478,0,Trying To Drive,Zac Brown Band
1046,333,439,183413,802,0.0,7,377,-3.644,1,54,168.032,4.0,688,0,"God, Your Mama, And Me",Florida Georgia Line
1047,915,533,230722,533,0.0,0,972,-8.266,1,324,159.907,4.0,506,0,Real Thing,Zac Brown Band
1048,207,434,195307,921,209,10,116,-2.248,0,688,171.945,4.0,426,0,They Don't Know,Jason Aldean
1049,558,523,214800,725,6.96e-06,2,937,-5.448,1,339,155.855,4.0,0.52,0,Every Time I Hear That Song,Blake Shelton
1050,898,612,188253,799,0.0,10,172,-4.603,1,275,125.976,4.0,675,0,What Ifs,Kane Brown
1051,993,0.51,211227,904,0.0,6,173,-4.291,1,357,150.004,4.0,542,0,For Her,Chris Lane
1052,424,0.55,232253,774,0.0,11,67,-4.397,1,967,170.124,4.0,462,0,Act Like You Don't,Brooke Eden
1053,397,596,224853,544,0.0,10,106,-7.294,1,315,147.976,4.0,381,0,In Case You Didn't Know,Brett Young
1054,166,622,194240,745,875,1,292,-5.674,1,262,91.0,4.0,585,0,Two Black X's,Dylan Schneider
1055,344,659,183747,926,121,0,113,-4.66,1,461,152.015,4.0,949,0,You Look Good,Lady Antebellum
1056,566,479,178027,0.86,0.0,0,168,-4.318,1,347,80.018,4.0,759,0,Close,Ryan Kinder
1057,186,0.56,209840,0.78,0.0,1,364,-5.164,1,459,160.052,4.0,466,0,Ain't Always Pretty,Logan Mize
1058,179,512,187342,587,0.0,1,107,-6.403,1,291,134.006,4.0,313,0,Love in a Bar,Ryan Hurd
1059,292,403,211307,745,0.0,1,985,-6.534,0,858,186.241,4.0,634,0,Family Table,Zac Brown Band
1060,312,536,203293,722,0.0,4,117,-4.163,1,284,143.78,4.0,472,0,Any Ol' Barstool,Jason Aldean
1061,116,685,201893,783,0.0,11,194,-4.152,1,276,90.008,4.0,532,0,Dirt On My Boots,Jon Pardi
1062,638,0.71,186627,498,0.0,4,916,-5.478,1,322,136.093,4.0,0.52,0,Just a Phase,Adam Craig
1063,463,731,165387,469,1.04e-06,5,103,-7.226,1,326,98.963,4.0,618,0,Body Like A Back Road,Sam Hunt
1064,208,501,192000,836,0.0,11,152,-3.587,0,491,159.863,4.0,627,0,How Not To,Dan + Shay
1065,861,425,259280,372,148,0,733,-10.92,1,0.03,79.456,4.0,297,0,Tin Man,Miranda Lambert
1066,209,458,211240,894,0.0,9,221,-4.903,1,398,160.125,4.0,709,0,Blue Tacoma,Russell Dickerson
1067,406,488,226173,915,0.0,7,351,-4.255,1,389,75.019,4.0,637,0,May We All,Florida Georgia Line
1068,422,482,230832,739,1.87e-05,7,468,-5.476,1,342,155.932,4.0,596,0,Last Time for Everything,Brad Paisley
1069,527,442,173187,784,0.0,2,597,-4.001,1,344,170.139,4.0,554,0,Getting Over You,Jackie Lee
1070,434,555,177067,896,0.0,0,145,-3.295,1,388,114.995,4.0,558,0,Flatliner (feat. Dierks Bentley),Cole Swindell
1071,551,0.41,158667,738,0.0,9,988,-3.833,1,719,184.059,4.0,592,0,Like You That Way,Canaan Smith
1072,273,507,216187,0.81,567,3,121,-5.628,0,317,156.004,4.0,492,0,Hometown Girl,Josh Turner
1073,129,0.69,181200,626,0.0,7,169,-5.831,1,275,101.958,4.0,652,0,Star Of The Show,Thomas Rhett
1074,865,641,248053,628,4.08e-06,4,105,-14.155,1,417,129.004,4.0,289,0,Either Way,Chris Stapleton
1075,279,655,178840,785,0.0,8,116,-4.022,1,697,171.969,4.0,931,0,No Such Thing as a Broken Heart,Old Dominion
1076,0.2,529,215600,803,0.0,7,894,-5.379,1,389,97.043,4.0,343,0,There’s A Girl,Trent Harmon
1077,304,681,184040,845,0.0,11,197,-5.147,0,525,132.023,4.0,761,0,The Fighter,Keith Urban
1078,229,694,228827,815,0.0,2,924,-4.328,1,0.12,88.931,4.0,826,0,Despacito - Remix,Luis Fonsi
1079,231,755,229849,789,0.0,5,351,-4.502,1,146,93.973,4.0,734,0,Felices los 4,Maluma
1080,744,684,208163,823,0.0,9,111,-3.297,0,773,91.048,4.0,645,0,SUBEME LA RADIO,Enrique Iglesias
1081,258,746,205741,794,0.0,1,497,-6.331,1,698,104.827,4.0,471,0,Me Rehúso,Danny Ocean
1082,243,683,219507,691,0.0,8,0.14,-5.535,1,432,179.91,4.0,746,0,El Amante,Nicky Jam
1083,245,747,232787,864,4.46e-05,8,853,-3.181,0,599,92.028,4.0,746,0,Escápate Conmigo,Wisin
1084,286,706,271080,689,0.0,6,123,-5.533,1,0.17,144.127,4.0,0.42,0,Ahora Dice,Chris Jeday
1085,168,859,195613,756,4.65e-05,8,163,-3.36,0,643,102.033,4.0,913,0,Chantaje,Shakira
1086,277,489,194942,962,6.18e-06,0,128,-2.597,1,215,104.563,4.0,507,0,Hey Ma (with Pitbull & J Balvin feat. Camila Cabello) - Spanish Version,Pitbull
1087,154,889,201280,853,107,9,205,-4.26,1,241,93.022,4.0,916,0,Sigo Extrañándote,J Balvin
1088,559,832,209453,772,486,10,0.44,-5.429,1,0.1,96.016,4.0,714,0,Otra Vez (feat. J Balvin),Zion & Lennox
1089,116,685,204520,859,0.0,5,317,-2.595,0,553,176.018,4.0,886,0,La Rompe Corazones,Daddy Yankee
1090,0.27,639,307910,869,0.0,11,802,-4.024,1,147,169.801,4.0,766,0,"Sola (Remix) [feat. Daddy Yankee, Wisin, Farruko, Zion & Lennox]",Anuel Aa
1091,209,0.66,228200,786,0.0,2,112,-4.757,1,0.17,177.833,4.0,849,0,Despacito (Featuring Daddy Yankee),Luis Fonsi
1092,0.4,761,222560,838,0.0,4,176,-3.073,0,502,93.974,4.0,717,0,Reggaetón Lento (Bailemos),CNCO
1093,309,792,205520,819,0.0,5,389,-5.418,1,867,89.98,4.0,0.45,0,Hey DJ,CNCO
1094,547,0.76,210323,838,1.3e-06,7,664,-3.828,0,529,93.05,4.0,0.74,0,Me Llamas (feat. Maluma) - Remix,Piso 21
1095,211,711,225813,875,198,5,862,-2.211,1,104,103.637,4.0,929,0,Me Enamoré,Shakira
1096,205,735,193118,482,194,7,894,-9.21,1,508,175.907,4.0,783,0,Tu Foto,Ozuna
1097,431,663,259196,0.92,1.69e-05,11,101,-4.07,0,226,99.935,4.0,521,0,Vente Pa' Ca,Ricky Martin
1098,551,508,205600,687,3.41e-06,0,126,-4.361,1,326,180.044,4.0,565,0,Safari,J Balvin
1099,897,745,223613,921,0.0,0,178,-2.674,1,82,92.973,4.0,645,0,Alguien Robo,Sebastian Yatra
1100,256,772,238800,909,0.0,6,255,-3.225,0,166,96.031,4.0,679,0,Vacaciones,Wisin
1101,125,761,211627,0.82,2.1e-05,1,183,-4.003,1,623,88.997,4.0,619,0,Te Quiero Pa´Mi,Don Omar
1102,167,761,252003,829,0.0,0,189,-3.203,0,681,92.033,4.0,0.82,0,Ay Mi Dios,IAmChino
1103,142,776,228467,669,0.0,11,219,-4.933,1,638,91.012,4.0,646,0,Traicionera,Sebastian Yatra
1104,204,685,221027,731,0.0,5,722,-5.119,0,93,177.912,4.0,776,0,Si Tú La Ves,Nicky Jam
1105,53,724,197087,0.84,0.0,0,727,-3.581,1,392,92.01,4.0,833,0,Lumbra,Cali Y El Dandee
1106,206,746,227457,961,1.84e-06,0,329,-2.243,1,0.13,179.984,4.0,954,0,La Bicicleta,Carlos Vives
1107,163,817,207200,869,226,6,497,-4.791,1,0.18,96.029,4.0,0.56,0,Bailame,Nacho
1108,998,721,226400,687,0.0,1,679,-6.682,1,782,175.914,4.0,828,0,Dile Que Tu Me Quieres,Ozuna
1109,0.39,732,196480,801,0.0,9,0.31,-3.859,1,327,123.981,4.0,818,0,Deja vu,Prince Royce
1110,245,682,228147,858,0.0,9,104,-4.711,1,708,94.954,4.0,772,0,Sé Que Te Duele,Alejandro Fernandez
1111,132,0.73,207307,701,0.0,5,151,-5.885,0,106,175.95,4.0,789,0,Borro Cassette,Maluma
1112,786,724,200813,904,0.0,8,226,-3.354,0,966,90.999,4.0,851,0,DUELE EL CORAZON,Enrique Iglesias
1113,244,0.68,247493,954,0.0,9,112,-1.823,1,119,104.029,4.0,524,0,Andas En Mi Cabeza,Chino & Nacho
1114,724,827,197840,646,0.0,1,247,-4.727,0,766,92.057,4.0,0.51,0,Chillax,Farruko
1115,282,832,198707,608,0.0,6,761,-6.042,0,385,94.013,4.0,579,0,Hasta el Amanecer,Nicky Jam
1116,163,688,240000,719,0.0,2,0.15,-4.746,1,555,88.015,4.0,589,0,Bailame Despacio,Xantos
1117,76,899,234320,626,0.0,6,631,-4.228,0,292,88.007,4.0,871,0,Shaky Shaky,Daddy Yankee
1118,345,724,181048,809,0.0,7,169,-4.96,1,56,95.037,4.0,495,0,Besándote,Piso 21
1119,685,712,199281,841,7.87e-05,7,672,-5.432,0,455,98.003,4.0,656,0,Ando buscando (feat. Piso 21),Carlos Baute
1120,113,801,236493,822,424,6,877,-4.655,1,831,176.048,4.0,938,0,Hula Hoop,Daddy Yankee
1121,869,0.49,246853,894,0.0,11,103,-1.708,0,947,197.989,4.0,656,0,Qué Gano Olvidándote - Versión Urbana,Reik
1122,234,768,219227,742,0.0,9,0.14,-6.308,1,443,114.679,5.0,0.8,0,Ya Me Enteré (feat. Nicky Jam) - Urban Version,Reik
1123,821,725,246653,711,0.0,10,931,-4.544,1,335,93.003,4.0,476,0,Mi Tesoro (feat. Nicky Jam),Zion & Lennox
1124,803,612,245493,0.57,3.29e-05,1,122,-9.62,0,735,169.842,4.0,813,0,Tú Sí Sabes Quererme,Natalia Lafourcade
1125,189,0.67,276688,679,0.0,7,168,-5.618,1,118,172.069,4.0,794,0,Si Me Dices Que Si (feat. Nicky Jam),Cosculluela
1126,525,779,166600,659,0.0,0,128,-5.455,1,808,95.003,4.0,924,0,Fuego,Juanes
1127,51,712,214072,901,0.0,1,162,-4.699,0,595,97.98,4.0,0.84,0,Al Filo de Tu Amor,Carlos Vives
1128,983,648,223800,833,1,11,127,-5.116,1,543,108.001,4.0,301,0,Young And Menace,Fall Out Boy
1129,898,499,229093,824,0.0,7,163,-4.741,1,794,161.977,4.0,692,0,"Sugar, We're Goin Down",Fall Out Boy
1130,4,385,228360,866,0.0,4,111,-2.817,0,697,176.014,4.0,548,0,Centuries,Fall Out Boy
1131,313,561,186827,927,2.34e-05,9,529,-4.374,0,619,152.011,4.0,562,0,My Songs Know What You Did In The Dark (Light Em Up),Fall Out Boy
1132,139,613,189387,874,1.82e-06,2,656,-3.594,1,697,108.038,4.0,532,0,Immortals,Fall Out Boy
1133,119,623,211573,956,227,4,617,-2.608,0,753,149.958,4.0,718,0,Uma Thurman,Fall Out Boy
1134,494,616,180267,961,0.0,11,78,-3.144,0,139,114.492,4.0,531,0,"Dance, Dance",Fall Out Boy
1135,965,607,212040,889,0.0,9,839,-4.034,1,394,100.034,4.0,376,0,"This Ain't A Scene, It's An Arms Race",Fall Out Boy
1136,177,0.95,214648,412,0.0,1,77,-6.592,1,731,121.019,4.0,741,0,Bad Liar,Selena Gomez
1137,222,0.63,228827,815,0.0,2,91,-4.265,1,152,88.357,4.0,814,0,Despacito - Remix,Luis Fonsi
1138,593,608,187761,841,573,0,121,-3.798,1,464,167.969,4.0,0.25,0,Thunder,Imagine Dragons
1139,969,774,211475,626,3.12e-05,3,848,-4.432,0,432,100.041,4.0,758,0,Attention,Charlie Puth
1140,381,857,199440,0.8,0.0,2,913,-4.035,1,583,121.996,4.0,965,0,There's Nothing Holdin' Me Back,Shawn Mendes
1141,102,0.44,258188,413,1.7e-05,0,103,-7.425,0,446,131.659,4.0,125,0,Quit (feat. Ariana Grande),Cashmere Cat
1142,745,696,211364,503,0.0,8,869,-4.842,1,356,99.977,4.0,539,0,The Cure,Lady Gaga
1143,197,633,193511,592,0.0,0,99,-7.245,0,112,90.066,4.0,643,0,First Time,Kygo
1144,62,711,223190,722,0.0,5,0.14,-3.946,1,472,99.954,4.0,483,0,No Vacancy,OneRepublic
1145,485,0.76,204400,588,0.0,9,847,-7.082,1,775,102.974,4.0,384,0,Most Girls,Hailee Steinfeld
1146,577,565,231906,782,4.16e-05,8,757,-6.413,1,506,140.004,4.0,392,0,Malibu,Miley Cyrus
1147,238,457,210091,627,0.0,5,116,-5.091,0,111,101.384,4.0,535,0,Stay (with Alessia Cara),Zedd
1148,0.56,622,250200,593,0.0,5,175,-7.755,0,414,100.048,4.0,361,0,1-800-273-8255,Logic
1149,0.15,703,193613,868,132,7,104,-4.661,0,291,121.03,4.0,732,0,Pretty Girl - Cheat Codes X CADE Remix,Maggie Lindemann
1150,115,0.66,214802,575,1.59e-06,6,131,-4.934,0,367,110.091,4.0,485,0,Now Or Never,Halsey
1151,575,741,223504,667,0.0,10,106,-5.445,1,134,112.956,4.0,609,0,No Promises (feat. Demi Lovato),Cheat Codes
1152,133,726,188174,429,0.0,0,574,-6.623,1,519,85.899,4.0,874,0,Slow Hands,Niall Horan
1153,283,656,197253,615,0.0,5,234,-6.252,1,539,139.91,4.0,364,0,Bad Bitch (feat. Ty Dolla $ign),Bebe Rexha
1154,464,565,225526,771,0.0,1,568,-5.22,1,212,168.385,4.0,551,0,Good Life (with G-Eazy & Kehlani),G-Eazy
1155,0.97,549,206933,371,132,2,639,-9.56,1,378,87.024,3.0,117,0,The Night We Met,Lord Huron
1156,0.45,754,272667,762,6.67e-05,6,224,-4.486,0,849,92.002,4.0,673,0,Rollin,Calvin Harris
1157,728,741,221983,559,971,10,0.21,-7.775,1,0.03,101.999,4.0,441,0,Obsession (feat. Jon Bellion),Vice
1158,549,0.87,160597,502,356,5,916,-7.497,0,549,82.53,4.0,676,0,Whippin (feat. Felix Snow),Kiiara
1159,281,718,214867,609,3.29e-05,0,234,-4.699,0,429,122.948,4.0,0.47,0,Symphony,Clean Bandit
1160,411,624,207520,806,0.0,1,872,-5.957,1,437,149.999,4.0,536,0,Break Up Every Night,The Chainsmokers
1161,293,726,233833,769,101,6,104,-5.043,1,123,97.985,4.0,0.75,0,Unforgettable,French Montana
1162,339,905,177604,596,2.05e-05,1,897,-7.496,0,118,149.996,4.0,419,0,HUMBLE.,Kendrick Lamar
1163,517,747,212027,592,1.48e-05,8,124,-6.334,1,457,110.991,3.0,0.16,0,do re mi,Blackbear
1164,75,696,216409,817,0.0,1,187,-3.862,1,109,98.064,4.0,779,0,Swalla (feat. Nicki Minaj & Ty Dolla $ign),Jason Derulo
1165,355,673,201601,676,0.0,1,107,-5.002,1,308,134.944,4.0,568,0,Whatever It Takes,Imagine Dragons
1166,32,607,213307,718,0.0,4,403,-4.095,1,978,101.821,4.0,521,0,Touch,Little Mix
1167,303,415,251423,369,7.64e-06,8,383,-10.044,1,741,95.746,4.0,951,0,Selfish,Future
1168,905,648,220781,532,0.0,0,831,-6.597,1,746,99.983,4.0,497,0,It Ain’t Me (with Selena Gomez),Kygo
1169,128,747,184134,799,0.0,11,541,-4.066,0,405,104.02,4.0,537,0,Mama,Jonas Blue
1170,238,0.76,177573,303,8.09e-06,2,294,-11.362,1,284,99.991,4.0,157,0,The One,The Chainsmokers
1171,401,763,197495,671,1.16e-05,1,375,-4.029,0,0.1,120.06,4.0,608,0,Nights With You,MØ
1172,235,667,172893,648,1.52e-05,3,427,-6.398,0,626,95.031,4.0,585,0,TG4M,Zara Larsson
1173,102,833,204600,434,219,2,165,-8.795,1,431,150.062,4.0,286,0,Mask Off,Future
1174,122,803,227292,793,5.81e-05,6,154,-5.769,1,635,106.035,4.0,0.54,0,Bon Appétit,Katy Perry
1175,275,516,340707,595,0.0,5,109,-4.63,1,313,119.972,4.0,209,0,Sign of the Times,Harry Styles
1176,246,532,200733,778,111,7,153,-6.69,0,218,169.923,4.0,242,0,At My Best (feat. Hailee Steinfeld),Machine Gun Kelly
1177,416,704,176347,423,0.0,8,607,-6.792,1,862,113.962,4.0,0.45,0,Issues,Julia Michaels
1178,13,853,206693,0.56,0.0,1,944,-4.961,1,406,134.066,4.0,853,0,That's What I Like,Bruno Mars
1179,561,623,220291,656,0.0,0,855,-5.608,0,416,95.878,4.0,371,0,September Song,JP Cooper
1180,131,748,188491,627,0.0,7,852,-6.029,1,644,120.963,4.0,513,0,Still Got Time,ZAYN
1181,0.33,736,219080,449,162,1,898,-11.462,0,425,80.126,4.0,322,0,Location,Khalid
1182,895,584,220883,0.54,0.0,1,261,-7.786,0,576,137.972,4.0,0.19,0,Scared to Be Lonely,Martin Garrix
1183,304,804,298941,459,862,11,0.11,-11.556,1,39,111.963,4.0,372,0,Passionfruit,Drake
1184,581,825,233713,652,0.0,1,931,-3.183,0,802,95.977,4.0,933,0,Shape of You,Ed Sheeran
1185,991,608,232947,0.86,0.0,5,262,-5.324,0,554,127.075,4.0,441,0,Wild Ones (feat. Sia),Flo Rida
1186,167,748,210627,727,0.0,11,166,-2.42,0,871,125.014,4.0,0.68,0,Starships,Nicki Minaj
1187,656,828,299333,433,876,0,122,-9.716,1,199,148.073,4.0,446,0,Lollipop,Lil Wayne
1188,921,0.72,229360,802,0.0,1,694,-5.797,1,582,124.043,4.0,716,0,Time of Our Lives,Pitbull
1189,319,646,210960,795,0.0,9,267,-3.293,1,976,89.99,4.0,791,0,Stereo Hearts (feat. Adam Levine),Gym Class Heroes
1190,643,755,198187,838,1.59e-05,7,118,-4.5,0,687,126.877,4.0,454,0,Glad You Came,The Wanted
1191,622,0.75,203867,0.78,0.0,4,263,-3.155,1,898,119.985,4.0,819,0,Dynamite,Taio Cruz
1192,567,467,293533,564,0.0,9,194,-4.986,0,353,81.966,4.0,304,0,Clique,JAY Z
1193,0.11,0.66,180480,867,0.0,6,368,-4.285,0,116,93.033,4.0,376,0,Airplanes (feat. Hayley Williams of Paramore),B.o.B
1194,555,635,217419,691,0.0,0,97,-4.862,1,258,82.142,4.0,0.63,0,Trumpets,Jason Derulo
1195,71,375,338853,862,0.0,11,211,-3.363,0,255,159.841,4.0,472,0,Live Your Life - feat. Rihanna,T.I.
1196,738,352,216893,843,0.0,7,883,-7.983,0,482,165.29,5.0,716,0,Like A G6,Far East Movement
1197,39,673,229507,758,0.0,7,341,-3.632,1,158,135.956,4.0,541,0,Feel This Moment,Pitbull
1198,295,581,204160,963,0.0,11,139,-4.087,1,981,129.992,4.0,792,0,Timber,Pitbull
1199,384,0.72,175427,791,0.0,1,157,-4.689,1,124,102.071,4.0,767,0,Classic,MKTO
1200,69,599,245041,803,137,0,129,-3.641,0,986,126.057,4.0,254,0,Titanium (feat. Sia),David Guetta
1201,181,0.62,229573,869,0.0,1,369,-5.252,1,175,151.684,4.0,769,0,E.T. - feat. Kanye West,Katy Perry
1202,704,657,190186,827,534,5,65,-4.036,1,734,145.889,4.0,698,0,GDFR (feat. Sage The Gemini & Lookas),Flo Rida
1203,525,715,207333,655,0.0,0,115,-6.425,1,137,95.078,4.0,557,0,"Young, Wild & Free (feat. Bruno Mars)",Snoop Dogg
1204,514,786,250189,857,0.0,9,112,-3.765,1,734,110.038,4.0,602,0,The Monster,Eminem
1205,746,755,199693,832,1.27e-06,2,291,-2.741,0,116,120.032,4.0,719,0,TiK ToK,Kesha
1206,715,859,188453,697,0.0,1,761,-3.79,0,569,117.008,4.0,875,0,Love You Like A Love Song,Selena Gomez & The Scene
1207,112,612,212862,0.84,0.0,11,116,-3.145,0,509,129.042,4.0,441,0,Don't You Worry Child (Radio Edit) [feat. John Martin],Swedish House Mafia
1208,762,809,195853,628,371,11,113,-5.021,0,561,130.008,4.0,797,0,Sexy Bitch (feat. Akon) - Featuring Akon;explicit,David Guetta
1209,979,842,189907,531,1.34e-05,0,667,-8.729,1,377,105.013,4.0,758,0,Somebody,Natalie La Rose
1210,183,745,189959,714,0.0,1,636,-5.501,0,302,120.025,4.0,847,0,Maps,Maroon 5
1211,162,725,247520,0.68,2.13e-06,8,158,-5.465,1,306,119.939,4.0,753,0,Am I Wrong,Nico & Vinz
1212,117,579,275987,821,0.0,1,631,-4.616,1,152,174.063,4.0,561,0,Umbrella,Rihanna
1213,649,663,257840,714,0.0,1,116,-4.944,0,38,121.99,4.0,471,0,Counting Stars,OneRepublic
1214,107,818,213733,799,128,1,57,-4.1,0,156,100.014,4.0,953,0,Turn Down for What,DJ Snake
1215,378,0.81,369627,793,1.82e-06,6,72,-9.404,0,403,116.049,4.0,0.86,0,Get Lucky,Daft Punk
1216,533,441,225160,0.87,3.7e-06,2,936,-4.845,1,57,134.469,4.0,281,0,A Dustland Fairytale,The Killers
1217,215,688,192191,702,0.0,7,128,-4.792,0,499,94.006,4.0,731,0,My House,Flo Rida
1218,219,427,257760,861,0.0,1,277,-4.874,1,376,161.776,4.0,581,0,Best I Ever Had,Drake
1219,196,592,206880,752,0.0,1,477,-6.589,1,114,74.784,4.0,0.73,0,Stitches,Shawn Mendes
1220,403,753,203467,801,0.0,4,128,-3.215,1,296,128.011,4.0,787,0,I Will Never Let You Down,Rita Ora
1221,186,548,272394,532,263,5,217,-7.596,1,323,85.03,4.0,428,0,Do I Wanna Know?,Arctic Monkeys
1222,901,635,307987,983,799,6,683,-3.807,0,174,145.085,4.0,422,0,Cinema - Skrillex Remix,Benny Benassi
1223,431,697,277387,527,1.25e-05,0,882,-10.438,0,211,121.849,4.0,289,0,Take Care,Drake
1224,208,583,258827,786,0.0,2,188,-3.142,0,301,123.052,4.0,556,0,Love Song,Sara Bareilles
1225,373,862,263827,608,6.14e-06,7,856,-4.762,1,402,120.002,4.0,825,0,Blurred Lines,Robin Thicke
1226,119,0.68,313787,489,2.86e-05,11,606,-7.837,0,432,74.04,4.0,261,0,Swimming Pools (Drank) - Extended Version,Kendrick Lamar
1227,161,772,225560,648,0.0,9,269,-6.222,1,612,129.966,4.0,744,0,Beautiful Girls - Radio Disney Version,Sean Kingston
1228,532,709,189333,697,5.15e-05,2,349,-3.471,1,275,112.017,4.0,0.78,0,Cool,Gwen Stefani
1229,455,627,262853,0.56,0.0,5,126,-5.378,1,667,97.967,4.0,488,0,Can’t Live Without,Hollyn
1230,394,567,217480,678,0.0,10,102,-6.642,0,404,141.951,4.0,381,0,Glimpse,Kim Walker-Smith
1231,495,547,187013,513,0.0,0,181,-7.451,1,309,110.54,4.0,262,0,Broken Things,Matthew West
1232,379,335,255160,582,2.67e-05,5,954,-5.09,1,375,110.522,4.0,0.13,0,Even If,MercyMe
1233,363,468,219720,786,0.0,9,0.31,-2.757,1,334,84.992,4.0,479,0,Home,Chris Tomlin
1234,648,322,228067,508,297,7,152,-7.681,1,341,155.128,4.0,191,0,Nowhere,Sarah Reeves
1235,766,486,250123,331,0.0,2,72,-9.106,1,328,79.277,4.0,421,0,Hills and Valleys (The Valleys Version),Tauren Wells
1236,189,475,195907,672,0.0,0,117,-5.925,1,329,77.857,4.0,382,0,Chain Breaker,Zach Williams
1237,912,361,277973,236,7.79e-05,6,831,-7.781,1,315,147.309,3.0,184,0,Clean,Natalie Grant
1238,447,519,245853,684,0.0,6,901,-3.746,1,325,133.943,4.0,293,0,I Will,Citizen Way
1239,353,576,254262,686,6.68e-05,3,114,-6.032,1,554,153.901,4.0,599,0,The Gospel,Ryan Stevenson
1240,342,511,284947,815,0.0,6,0.09,-6.317,0,48,128.004,4.0,245,0,Throne Room,Kim Walker-Smith
1241,164,526,237467,692,0.0,4,786,-3.895,1,278,137.849,4.0,266,0,I Won't Let You Go - Radio Version,Switchfoot
1242,176,621,215050,674,0.0,6,242,-4.635,0,323,92.994,4.0,255,0,Unfinished,Mandisa
1243,117,673,176453,813,0.0,0,148,-5.895,1,363,103.999,4.0,638,0,Old Church Choir,Zach Williams
1244,0.28,555,236667,663,0.0,0,107,-5.628,1,42,75.976,4.0,295,0,Forgiven,Crowder
1245,379,534,225933,508,0.0,2,867,-7.085,1,322,153.947,4.0,407,0,Love Wins,Love and Theft
1246,199,422,204800,336,0.0,0,189,-7.199,1,306,108.009,4.0,974,0,I Have This Hope,Tenth Avenue North
1247,568,448,218133,412,5.68e-05,11,159,-7.877,1,281,133.881,4.0,308,0,In Awe,Hollyn
1248,498,331,255173,427,0.0,3,108,-7.431,1,302,157.938,3.0,129,0,Oh My Soul,Casting Crowns
1249,229,385,222400,663,0.0,2,841,-5.902,1,271,156.066,3.0,237,0,You Redeem - Studio Version,Aaron Shust
1250,141,447,212701,0.89,0.0,6,858,-4.563,1,676,93.894,4.0,331,0,Amen,Hunter Hayes
1251,107,619,220840,733,0.0,8,176,-5.055,1,405,100.071,4.0,507,0,Brand New Life,Colton Dixon
1252,202,497,249640,604,0.0,2,299,-9.438,1,313,131.935,4.0,225,0,Oceans (Where Feet May Fail) - Radio Version,Hillsong United
1253,587,464,205387,225,5.64e-06,0,116,-9.155,1,403,84.677,4.0,209,0,O God Forgive Us,for KING & COUNTRY
1254,298,306,293331,742,0.0,11,126,-3.914,1,427,155.873,3.0,149,0,Death Was Arrested,North Point InsideOut
1255,149,536,243013,711,0.0,6,112,-4.916,1,367,147.9,4.0,326,0,Back To God,Reba McEntire
1256,767,429,264320,636,5.14e-05,5,203,-7.684,1,325,123.966,4.0,233,0,Say The Word,Hillsong United
1257,627,295,252360,326,0.0,9,157,-6.125,0,318,126.704,3.0,136,0,On My Side,Kim Walker-Smith
1258,218,534,168040,933,0.0,6,159,-4.021,1,781,174.081,4.0,783,0,Bloom,Grayson Reed
1259,104,475,219280,0.92,0.0,5,575,-4.991,1,941,154.906,4.0,729,0,Revival,Third Day
1260,415,436,248962,618,2.46e-06,3,177,-8.402,0,432,83.982,4.0,352,0,Hold It All,Cody Carnes
1261,458,704,201093,928,0.0,8,345,-3.422,1,443,113.981,4.0,0.96,0,Lifer,MercyMe
1262,166,543,202039,944,0.0,11,146,-2.647,1,759,93.957,4.0,728,0,Now,Mallary Hope
1263,108,534,235733,862,0.0,1,104,-4.282,1,486,104.012,4.0,435,0,Battles,The Afters
1264,0.85,227,247020,309,0.0,0,898,-7.368,1,292,167.097,4.0,225,0,Prove Me Wrong,Mandisa
1265,193,732,207052,606,1.25e-06,10,165,-5.21,1,313,115.985,4.0,637,0,Run the Race,Holly Starr
1266,322,659,167711,848,0.0,4,243,-3.273,1,202,166.009,4.0,961,0,The Happy Song,Jamie Grace
1267,298,588,228453,0.58,0.0,0,811,-7.833,1,272,138.013,4.0,492,0,Find You Here,Ellie Holcomb
1268,875,353,199111,0.87,0.0,0,79,-5.386,1,127,135.045,4.0,308,0,Change The World (feat. Hollyn),Derek Minor
1269,225,696,230933,713,2.22e-06,11,194,-5.114,0,123,189.932,4.0,368,0,Rise,Kim Walker-Smith
1270,532,529,208520,769,0.0,11,0.19,-6.369,1,469,73.946,4.0,648,0,Priceless,for KING & COUNTRY
1271,774,525,239999,657,0.0,7,778,-6.394,1,271,77.013,4.0,286,0,Alive In You - Studio Version,Jesus Culture
1272,187,423,238200,502,0.0,2,108,-5.924,1,293,135.858,4.0,968,0,What A Beautiful Name,Hillsong Worship
1273,497,574,240453,802,0.0,11,333,-4.801,0,299,128.062,4.0,0.52,0,Beloved,Jordan Feliz
1274,619,388,347893,542,0.0,2,175,-6.122,1,321,135.866,3.0,128,0,There Is a Cloud,Elevation Worship
1275,643,519,217800,907,0.0,4,264,-3.918,1,444,147.957,4.0,603,0,Rise,Danny Gokey
1276,687,688,183413,843,0.0,5,464,-4.12,1,452,105.02,4.0,841,0,Fearless,Jasmine Murray
1277,807,569,235680,484,9.35e-06,0,163,-6.536,1,304,122.08,4.0,308,0,Tears,Matt Hammitt
1278,24,547,228040,511,1.24e-06,11,109,-5.802,1,294,143.968,4.0,179,0,To Live Is Christ,Sidewalk Prophets
1279,198,511,237453,831,0.0,11,661,-4.826,1,131,141.971,4.0,544,0,Be The Change,Britt Nicole
1280,937,676,200481,0.79,8.94e-05,7,938,-3.674,1,338,99.948,4.0,484,0,Parachute,Joshua Micah
1281,646,587,203937,791,0.0,8,0.25,-6.313,0,911,125.993,4.0,593,0,Where You Are (Reimagined),Hillsong Young & Free
1282,183,389,297320,525,0.0,9,308,-7.941,1,403,143.919,3.0,963,0,The Cause Of Christ,Kari Jobe
1283,105,528,216400,0.59,0.0,6,104,-6.682,1,352,118.031,4.0,113,0,King Of The World,Natalie Grant
1284,326,0.37,235227,723,0.0,0,982,-4.774,1,364,149.923,4.0,117,0,Come Alive (Dry Bones),Lauren Daigle
1285,919,301,254373,762,0.0,7,822,-3.392,1,402,161.864,3.0,208,0,Even So Come - Radio Version/Live,Passion
1286,839,459,256933,561,0.0,7,998,-7.091,1,271,144.784,4.0,298,0,"10,000 Reasons (Bless the Lord) [Radio Version]",Matt Redman
1287,793,545,234199,576,0.0,6,103,-11.081,1,277,100.304,4.0,416,0,More Than Conquerors (Radio Version),Steven Curtis Chapman
1288,471,495,243800,0.71,0.0,0,703,-3.941,1,288,90.024,4.0,332,0,TESTIFY,NEEDTOBREATHE
1289,832,492,232379,656,0.0,9,202,-7.361,1,365,147.948,3.0,336,0,Great Are You Lord (Radio Mix),one sonic society
1290,551,401,307680,0.7,0.0,0,961,-5.07,1,368,81.049,4.0,171,0,Worthy Of Your Name - Studio,Passion
1291,392,436,288253,836,1.12e-06,10,113,-4.884,1,497,147.978,4.0,314,0,My All In All,Phil Wickham
1292,101,674,237146,895,0.0,0,996,-3.973,1,337,102.984,4.0,558,0,Love Broke Thru,tobyMac
1293,133,566,208627,766,0.0,11,117,-6.87,1,552,139.955,4.0,393,0,Magnify,We Are Messengers
1294,157,211,252965,649,0.0,0,117,-7.28,1,393,150.11,4.0,289,0,The Cross Has The Final Word,Cody Carnes
1295,196,305,331613,726,0.0,9,464,-6.375,1,61,82.673,4.0,547,0,Eye of the Storm (feat. Gabe Real),Ryan Stevenson
1296,127,237,247533,0.99,914,7,393,-3.331,1,0.24,151.545,4.0,169,0,Black Colors,Victim Of Deception
1297,1.51e-05,455,311217,994,12,4,908,-4.584,0,193,125.035,4.0,703,0,A Darkened Gospel,A Wake in Providence
1298,7.94e-06,236,239696,981,874,6,325,-2.635,1,299,160.114,4.0,129,0,Soil the Stillborn,Infant Annihilator
1299,256,468,201783,998,0.0,9,233,-994,0,0.15,140.003,4.0,64,0,No Absolution,Thy Art Is Murder
1300,102,476,314907,962,106,8,137,-4.023,1,0.12,145.947,4.0,451,0,Hearteater,To The Grave
1301,8.35e-06,226,209563,553,379,1,728,-9.169,1,546,129.255,4.0,323,0,Shapeless Abomination,Beyond the Extraction
1302,105,495,263687,955,551,6,308,-4.181,1,798,130.002,4.0,362,0,Dirty Waters,Into Oblivion
1303,5.83e-05,296,229859,983,146,11,508,-2.999,1,169,115.003,4.0,231,0,Defiled,Hive
1304,1.84e-05,474,260706,925,901,2,324,-3.539,1,146,139.97,4.0,142,0,Negative,FRCTRD
1305,168,406,180872,936,242,2,62,-4.564,0,0.11,139.922,4.0,0.26,0,Distorting of Perception,Until We Die
1306,8.12e-05,173,267600,927,0.23,1,229,-5.22,1,869,99.131,4.0,183,0,Ruin,Altered Perceptions
1307,1.01e-05,404,224812,989,556,2,536,-1.374,1,184,94.291,4.0,153,0,Fauxhammer,Black Tongue
1308,393,456,217133,0.97,432,1,914,-4.655,1,175,124.976,4.0,399,0,Spiteful Nature,I Shall Devour
1309,147,242,233796,0.96,562,1,923,-4.112,1,306,169.896,4.0,199,0,We Wait,I Declare War
1310,4.42e-05,472,229640,942,823,11,324,-3.954,0,951,150.005,4.0,186,0,Plague of Immortality (feat. Dean Lamb Of Archspire),Within Destruction
1311,2.95e-05,227,244181,921,792,1,154,-6.149,0,99,175.167,3.0,116,0,Arrogance,Traitors
1312,5.73e-05,444,268187,943,704,1,114,-4.955,0,0.09,119.945,4.0,292,0,Inferiority,Neberu
1313,8.53e-05,0.17,319582,866,976,4,569,-7.304,1,101,117.539,4.0,0.11,0,Senseless Order,Signs of the Swarm
1314,4.19e-05,276,294034,919,181,1,479,-3.773,1,111,116.038,3.0,149,0,Advent,Shotgun Surgeon
1315,6.49e-05,401,264107,988,116,1,342,-4.104,0,192,155.356,4.0,191,0,Venomous,Whitechapel
1316,7.53e-05,398,200525,974,76,1,389,-2.823,0,0.16,129.983,4.0,245,0,Substance Affliction,Advocates
1317,696,566,250647,986,164,1,399,-5.016,1,884,127.515,4.0,0.15,0,To Encompass and Eclipse,A Trust Unclean
1318,103,0.39,192011,978,941,11,0.12,-4.209,1,289,100.221,4.0,102,0,Rope,Obscure of Acacia
1319,2.67e-05,336,282401,983,362,11,257,-1.812,0,128,113.711,4.0,131,0,Permanent Intoxication,Mycelia
1320,545,0.48,228923,984,283,3,588,-5.718,0,116,130.02,4.0,146,0,Tremendous Strain,Science Of Sleep
1321,273,285,232999,989,797,7,104,-4.407,1,147,140.019,4.0,201,0,Of Talons and Teeth,Reaping Asmodeia
1322,4.95e-05,428,221776,997,955,8,253,-3.587,1,185,149.998,4.0,533,0,Pitchblack,Walking Dead On Broadway
1323,283,256,197684,0.98,196,3,618,-5.107,1,964,94.99,4.0,0.11,0,Zerotonin 2,Darknet
1324,102,491,309734,928,363,9,0.14,-3.866,1,938,132.973,4.0,0.14,0,False Hope,The Machinist
1325,673,274,198011,925,156,1,0.47,-5.204,1,111,161.25,4.0,102,0,1208,Extortionist
1326,125,217,255725,0.98,139,5,287,-3.332,1,133,139.024,4.0,658,0,Plagues,The End At The Beginning
1327,4.58e-05,261,149278,863,7.33e-06,11,329,-7.199,1,721,108.347,4.0,316,0,Hear Me Out,Risking It All
1328,1.35e-05,517,256920,991,1.44e-05,9,501,-2.406,0,112,120.026,4.0,194,0,Down into the Abyss,Conjonctive
1329,482,258,282101,905,489,10,686,-4.897,1,136,112.94,4.0,0.16,0,Dance of the Witch,At Rest
1330,1.2e-05,484,328000,0.98,188,0,779,-1.939,1,75,119.997,4.0,165,0,New World Slaughter,Iconoclast
1331,6.56e-05,387,300000,967,226,5,337,-3.335,0,128,129.904,4.0,536,0,FVNERAL MOON,Lorna Shore
1332,29,424,271560,992,2.13e-05,5,322,-2.976,0,0.19,145.144,4.0,914,0,Beautiful Agony,Within The Ruins
1333,111,0.45,267000,986,251,1,645,-2.384,1,151,159.976,4.0,172,0,Ways Of Transfiguration,Buried Side
1334,2.13e-05,222,278577,985,644,7,775,-4.105,1,149,136.227,4.0,0.16,0,Black Mammoth,Fit For An Autopsy
1335,5.4e-05,455,210426,973,193,1,365,-4.597,0,132,102.076,4.0,448,0,Solicitude,Belie My Burial
1336,123,398,252005,955,458,7,299,-3.39,0,698,100.03,4.0,134,0,The Call of Mighty,Crucify Me Gently
1337,8.8e-06,399,267209,877,358,11,677,-5.418,0,804,112.351,3.0,254,0,Manufactured Existence,Lord of War
1338,3.28e-05,401,194000,921,753,6,359,-3.287,0,781,102.035,4.0,372,0,Bastard Son,God Of Nothing
1339,1.94e-05,209,246689,955,118,11,925,-4.527,1,143,199.988,4.0,114,0,The Shaping Sickness,Shadow of Intent
1340,1.56e-05,493,258868,964,733,1,727,-3.079,1,954,110.005,4.0,0.17,0,Drown Me in Blood,Carnifex
1341,115,339,219317,958,1.56e-05,9,651,-2.909,0,153,128.806,4.0,273,0,Inferno,"Above, Below"
1342,5.32e-05,458,184482,957,8.97e-05,0,364,-6.16,1,107,120.006,4.0,154,0,Debris,Paragon
1343,1.45e-05,263,275719,896,876,6,363,-8.048,1,0.11,113.106,4.0,251,0,"I, the Weak",The Voynich Code
1344,192,482,198947,968,454,6,108,-4.395,1,149,114.001,4.0,245,0,American Dream,Chelsea Grin
1345,2.21e-05,379,256114,979,877,9,453,-3.77,1,107,140.029,4.0,156,0,Temptress,Enterprise Earth
1346,2.05e-05,535,203500,974,149,10,263,-3.566,0,172,116.956,4.0,431,0,Flag of the Beast,Emmure
1347,1.69e-05,329,135653,993,641,6,342,-3.416,1,969,116.461,4.0,372,0,Unanswered,Suicide Silence
1348,4.55e-05,162,200961,957,867,10,669,-6.229,0,147,96.822,5.0,119,0,Be My Valentine (feat. Dickie Allen),Brojob
1349,5.41e-06,389,220558,985,954,1,305,-2.795,0,112,135.019,4.0,637,0,Prismatic Abyss,Aversions Crown
1350,631,636,180400,802,4.14e-05,2,59,-2.168,1,167,139.815,4.0,334,0,Right In,Skrillex
1351,145,716,215253,972,3.22e-05,7,317,-2.302,1,196,110.026,4.0,566,0,Bangarang (feat. Sirah),Skrillex
1352,49,596,301987,921,19,11,536,-2.5,0,74,139.969,4.0,232,0,Breakn' A Sweat,Skrillex
1353,75,616,292907,946,777,1,355,-2.876,1,687,127.992,4.0,332,0,The Devil's Den,Skrillex
1354,106,633,245053,926,0.54,11,133,-4.749,0,971,140.037,4.0,493,0,Right On Time,Skrillex
1355,12,605,200787,0.92,596,4,483,-2.298,0,713,174.974,4.0,0.22,0,Kyoto (feat. Sirah),Skrillex
1356,654,176,414747,479,591,7,0.13,-7.471,0,282,100.831,4.0,622,0,Skrillex Orchestral Suite By Varien - Bonus Track,Skrillex
1357,218,385,232716,404,1.57e-06,8,113,-6.999,1,29,146.128,4.0,703,0,Satellite,SALTNPAPER
1358,328,0.68,231679,593,0.0,1,105,-6.496,1,176,94.007,4.0,396,0,Nosedive,Dynamic Duo
1359,171,726,212409,889,106,6,741,-4.251,0,304,119.983,4.0,531,0,PIZZA,Oohyo
1360,773,741,193217,219,2.84e-06,11,116,-11.944,1,432,101.78,4.0,198,0,이대로 있어줘요 Stay With Me,도시총각 Dosichonggak
1361,498,587,246457,554,663,1,106,-7.212,1,424,80.013,4.0,431,0,Stardust,Kevin Oh
1362,2.54e-05,321,128340,751,235,9,109,-4.655,1,543,110.182,4.0,174,0,Burning youth,Hyukoh
1363,263,697,193605,692,0.0,7,104,-5.34,1,511,124.829,4.0,275,0,Wi Ing Wi Ing,Hyukoh
1364,712,483,229261,524,0.0,11,975,-3.92,1,261,91.878,4.0,519,0,Wonder,Standing Egg
1365,285,498,221293,436,0.0,6,0.06,-4.592,1,304,79.871,4.0,261,0,I'll Pick You Up,Standing Egg
1366,262,635,183781,575,337,11,361,-8.8,0,581,159.913,4.0,493,0,VAMOS,Oohyo
1367,364,819,186817,677,313,5,915,-5.703,0,423,94.975,4.0,0.93,0,MWAH,Humming Urban Stereo
1368,564,676,238895,508,142,2,101,-7.515,1,577,106.015,4.0,327,0,Loop,NELL
1369,873,657,201667,427,0.0,0,109,-6.879,1,377,144.014,4.0,0.24,0,With Me,Vanilla Acoustic
1370,989,483,263979,747,409,5,0.24,-4.363,1,549,80.117,4.0,223,0,Monster,PALGOU
1371,264,0.62,225800,529,0.0,5,354,-5.333,0,353,94.951,4.0,572,0,What 2 Do,DEAN
1372,669,751,230493,489,3.57e-06,8,177,-5.418,1,343,140.013,4.0,468,0,For Me,Gyepy
1373,765,767,203263,445,727,6,897,-8.527,1,328,119.923,4.0,375,0,Fallen in Love (Only With You),Jang Beom June
1374,164,844,226600,0.32,0.0,6,107,-9.532,0,475,125.927,4.0,575,0,Talk,10cm
1375,253,743,237588,886,267,8,714,-3.503,0,831,109.961,4.0,397,0,Black Out,PALGOU
1376,107,0.54,204589,408,811,0,111,-11.899,0,457,159.813,4.0,655,0,Sleeping Habits,Donguy
1377,224,657,230000,536,432,4,352,-7.073,1,303,119.95,4.0,184,0,Romance in Seoul,Neon Bunny
1378,532,549,200231,451,3.44e-05,1,425,-10.302,0,0.15,85.296,4.0,621,0,Hot and Cold (feat. Yun Cheoljong of 10cm),SunWoo Jung-A
1379,859,762,175792,277,0.0,7,161,-9.263,1,459,109.689,3.0,286,0,Ki-dult,SBGB
1380,837,214,249727,484,9.66e-05,9,114,-5.44,1,324,81.625,4.0,267,0,"지금 여기, 이곳에서 (Duet With 루시아) , 지금 여기, 이곳에서",Sentimental Scenery
1381,219,0.63,222546,684,108,11,103,-6.74,0,399,142.952,4.0,881,0,너와의 공식 Love Equation,플랫핏 Flat Feet
1382,806,0.35,254925,347,4.37e-06,4,102,-6.154,1,318,146.661,4.0,241,0,I Don't Love You,Urban Zakapa
1383,439,892,157001,443,0.0,0,866,-6.181,1,379,107.984,4.0,729,0,My eyes,10cm
1384,881,764,99610,177,3.34e-05,9,121,-13.596,0,983,115.697,4.0,569,0,Zig Zag,Kwon Jin Ah
1385,117,432,278999,761,2.88e-05,1,0.75,-4.126,1,305,138.004,4.0,334,0,Cake Love (PROD. BY The Black Skirts),XIA
1386,423,0.7,215005,425,1.72e-06,7,879,-9.52,1,287,95.058,4.0,283,0,HOW WAS YOUR DAY,Sugarbowl
1387,922,453,388463,678,5.11e-05,9,477,-7.291,0,494,131.936,4.0,827,0,변명 Shame,DyoN Joo
1388,414,574,299008,0.51,213,7,995,-7.63,1,334,121.989,4.0,125,0,You Wouldn't Even Know,Flower Soo
1389,705,894,222307,161,33,4,312,-14.311,1,88,104.968,4.0,818,0,장가갈 수 있을까 Can I Get Married?,Coffeeboy
1390,368,717,232944,844,1.93e-05,1,255,-5.363,0,299,110.023,4.0,825,0,Sneakers,Humming Urban Stereo
1391,289,712,223333,625,0.0,7,127,-8.832,1,149,100.004,4.0,718,0,Dangerous,Clazziquai Project
1392,138,768,224009,743,128,0,142,-6.09,1,455,89.983,4.0,692,0,Night Time Melody,Rude Paper
1393,909,489,202827,173,0.0,3,117,-9.827,1,567,121.054,3.0,625,0,Reason Why We Have To Break Up,Only U
1394,508,597,210893,575,0.0,10,265,-3.705,1,341,85.018,4.0,516,0,"Love, Love.",Big Brain
1395,772,598,224779,515,4.91e-06,5,164,-4.695,0,363,117.762,3.0,377,0,I Don't Want,Jungkey
1396,286,616,236960,387,0.0,9,277,-6.079,0,335,81.856,4.0,0.47,0,All in Vain,Mot
1397,805,766,319360,602,765,0,889,-8.388,0,273,100.042,4.0,378,0,귀가 Return Home,카우칩스 The CowChips
1398,804,792,293458,0.15,1.3e-05,1,704,-15.644,1,486,83.625,4.0,0.33,0,물 Water,권나무 Kwon Tree
1399,805,709,206013,0.29,0.0,4,0.17,-11.092,1,322,90.046,4.0,584,0,Summer Night You and I,Standing Egg
1400,858,679,257187,126,102,11,114,-10.562,0,369,129.75,3.0,114,0,Let You Go,Mot
1401,175,581,247497,312,5.57e-05,5,104,-8.984,0,54,181.893,4.0,506,0,Sooni (I'm your fanatic girl),SunWoo Jung-A
1402,578,652,177090,512,7.49e-06,5,101,-7.062,1,276,104.98,4.0,284,0,Run,Okdal
1403,654,0.73,205333,418,7.51e-05,2,0.13,-6.735,1,319,139.888,4.0,401,0,Petals on The Wind (Remake Version),Wable
1404,663,719,227827,478,886,2,496,-9.58,1,297,77.996,4.0,354,0,Morning Call - Remix Version,Ibadi
1405,827,524,193406,392,0.0,10,363,-8.938,0,305,145.88,4.0,296,0,Rub off,Kim Woo-Joo
1406,503,0.41,256333,648,0.0,7,219,-4.469,1,362,60.391,4.0,342,0,Don't You Cry For Me,Cobi
1407,947,483,248176,199,0.0,2,109,-11.37,1,586,78.103,4.0,162,0,Waves - Acoustic,Dean Lewis
1408,461,0.59,162084,568,562,7,106,-8.332,1,252,153.113,4.0,731,0,Runner,Jon and Roy
1409,302,696,292987,521,0.0,10,565,-8.465,0,332,100.0,4.0,471,0,No Role Modelz,J. Cole
1410,752,504,239320,705,0.0,6,128,-8.205,0,364,175.483,4.0,564,0,Wet Dreamz,J. Cole
1411,358,894,216520,284,487,11,0.11,-13.002,0,0.33,138.944,4.0,413,0,Neighbors,J. Cole
1412,361,653,264747,409,12,9,189,-11.446,1,421,174.324,4.0,181,0,Deja Vu,J. Cole
1413,331,889,301133,393,8.67e-06,4,283,-10.821,0,267,128.065,4.0,0.31,0,G.O.M.D.,J. Cole
1414,451,592,280615,701,0.0,10,327,-4.014,0,858,129.501,4.0,299,0,Litty (feat. Tory Lanez),Meek Mill
1415,242,589,223973,658,0.0,11,118,-5.288,0,203,77.521,4.0,254,0,All Eyes On You (feat. Chris Brown & Nicki Minaj),Meek Mill
1416,375,0.7,210472,693,0.0,2,314,-6.553,1,0.14,133.981,4.0,513,0,Froze (feat. Lil Uzi Vert & Nicki Minaj),Meek Mill
1417,415,0.37,250240,0.87,0.0,5,604,-2.09,1,271,79.092,4.0,334,0,Ima Boss - feat. Rick Ross,Meek Mill
1418,214,523,291280,783,0.0,6,612,-3.755,0,185,117.264,5.0,312,0,Apple of My Eye,Rick Ross
1419,895,434,332600,785,0.0,4,132,-4.169,0,128,106.926,5.0,393,0,Santorini Greece,Rick Ross
1420,123,481,341680,716,0.0,10,141,-5.996,0,622,78.829,4.0,399,0,Idols Become Rivals,Rick Ross
1421,612,729,275720,838,0.0,8,721,-4.476,0,313,136.869,4.0,0.35,0,Trap Trap Trap,Rick Ross
1422,589,662,267720,808,0.0,9,613,-3.06,1,122,76.493,4.0,448,0,Dead Presidents,Rick Ross
1423,184,541,225427,609,0.0,1,179,-3.715,1,127,158.314,4.0,298,0,She On My Dick,Rick Ross
1424,84,629,242373,0.7,0.0,2,118,-6.212,1,264,85.814,4.0,159,0,I Think She Like Me,Rick Ross
1425,273,501,269720,775,0.0,7,211,-6.248,0,436,85.929,4.0,615,0,Powers That Be,Rick Ross
1426,755,0.54,224707,0.82,0.0,5,642,-3.824,1,138,78.063,4.0,516,0,Game Ain't Based On Sympathy,Rick Ross
1427,171,801,160000,642,946,9,112,-5.926,0,903,126.013,4.0,703,0,Humble,Wahlstedt
1428,33,707,201707,929,205,8,626,-4.199,0,901,123.004,4.0,403,0,My Friend,EDX
1429,306,696,192000,795,7.72e-06,8,243,-4.892,0,187,126.186,4.0,0.16,0,White Label (Is This Love),Still Young
1430,551,562,228414,885,805,8,621,-3.096,1,431,145.06,4.0,679,0,Home,Marshmello
1431,171,0.47,251350,863,143,6,96,-6.52,0,461,170.137,4.0,335,0,Front to Back,Buku
1432,227,726,335609,929,379,0,924,-7.146,0,771,123.036,4.0,706,0,Best Thing About,Lex Luca
1433,121,984,188852,941,539,9,26,-4.56,0,805,122.003,4.0,331,0,Flashwind - Radio Edit,Ben Remember
1434,135,0.72,188852,643,812,9,112,-7.691,1,369,122.012,4.0,323,0,Fuego,Alok
1435,613,473,169756,885,23,5,219,-3.42,0,454,149.698,4.0,278,0,Rose Horizon,Yellow Claw
1436,101,466,16588,943,0.0,6,458,-3.545,0,385,113.457,5.0,598,0,dance alot,Various Artists
1437,588,614,179613,792,0.0,5,105,-3.528,0,352,154.823,4.0,554,0,Save You,Wahlstedt
1438,433,775,248007,883,346,11,57,-5.83,0,703,125.006,4.0,682,0,I Want You,Chris Lake
1439,362,0.67,585000,792,881,7,101,-8.211,1,465,128.018,3.0,348,0,Polaris,deadmau5
1440,643,549,185726,816,1.38e-06,10,137,-5.044,0,233,109.774,4.0,523,0,Midnight Sun,Dirtcaps
1441,145,715,183752,964,468,0,174,-4.71,0,651,128.059,4.0,307,0,One Life Short,Geoxor
1442,771,466,224212,849,2.89e-06,9,104,-3.85,0,633,183.76,4.0,353,0,On Our Own (feat. Natalie Major),Showtek
1443,679,503,249655,989,542,6,548,-787,1,65,174.012,4.0,615,0,The Wall,Matrix & Futurebound
1444,518,718,148801,944,477,1,114,-5.041,1,386,125.004,4.0,328,0,All I Know,EDX
1445,987,443,210884,727,9.35e-06,0,118,-5.171,0,984,74.827,4.0,423,0,Freesol (feat. Skyler Stonestreet),Seven Lions
1446,576,396,265543,821,424,8,116,-3.826,1,104,171.927,4.0,122,0,Mantra - Mat Zo Remix,Noisia
1447,44,597,192041,832,2.96e-05,11,864,-5.48,0,147,162.03,4.0,479,0,Good Life,Kiso
1448,291,675,166286,929,724,9,397,-2.578,1,478,140.006,4.0,428,0,Twinbow,Slushii
1449,256,559,210968,854,2.61e-06,11,294,-3.923,0,36,156.008,4.0,474,0,Limitless (feat. Sophie Rose),Sam F
1450,235,714,176250,851,697,6,0.1,-3.387,0,121,128.004,4.0,692,0,Move On Me,Tom & Jame
1451,325,531,195252,769,0.0,10,305,-2.881,0,63,77.351,4.0,454,0,Wildcard,Mickey Valen
1452,149,738,190476,646,157,8,162,-5.384,1,611,125.923,4.0,401,0,Find You,Wahlstedt
1453,214,587,198426,772,698,4,447,-4.439,0,375,127.978,4.0,201,0,Legacy,Dimitri Vangelis & Wyman
1454,316,519,182720,829,0.0,5,759,-5.121,0,901,123.659,4.0,629,0,Show You Love,Kato
1455,139,718,188160,0.89,103,2,341,-3.931,1,144,124.943,4.0,304,0,Make U Love Me,Tujamo
1456,474,871,184762,893,852,5,891,-3.774,1,403,126.016,4.0,639,0,Bassline Riddim,Vato Gonzalez
1457,108,641,302506,676,0.0,9,152,-4.461,1,385,119.108,4.0,174,0,Light - GOSLO Remix,San Holo
1458,265,677,185613,778,0.0,6,247,-5.19,0,291,97.97,4.0,335,0,Walk Away,LVNDSCAPE
1459,158,633,155963,964,159,2,204,-3.573,1,298,124.022,4.0,111,0,Touch The Sky,Cedric Gervais
1460,144,529,179200,739,255,9,0.39,-5.356,0,543,149.915,4.0,403,0,"Afraid, Unafraid",SLUMBERJACK
1461,282,738,202286,818,543,2,101,-3.652,0,692,139.998,4.0,0.53,0,Make You Mine,Aire Atlantica
1462,238,303,199405,879,3.84e-05,8,431,-4.748,1,758,80.329,4.0,564,0,Riot Call (feat. Nevve),QUIX
1463,128,617,185089,524,438,5,362,-8.885,0,103,142.046,4.0,225,0,Modern Flame (feat. Yuna),Emmit Fenn
1464,56,164,206897,878,617,6,205,-4.953,0,0.11,171.908,4.0,196,0,Right Here,Keys N Krates
1465,129,823,207293,815,494,11,599,-3.947,1,134,125.989,4.0,473,0,Chicken Soup,Skrillex
1466,165,597,209664,952,145,9,305,-3.586,0,415,127.907,4.0,206,0,No Sleep,Bougenvilla
1467,705,0.71,166290,884,0.0,1,765,-1.258,1,347,149.995,4.0,579,0,Help,Borgore
1468,931,715,198750,989,109,2,475,-1.723,1,194,128.054,4.0,679,0,Waist Time,Diplo
1469,126,604,200625,796,0.0,1,106,-2.416,0,597,127.991,4.0,209,0,Scared To Be Lonely (Brooks Remix),Martin Garrix
1470,173,548,226172,811,3.56e-05,11,323,-3.985,1,475,155.08,4.0,411,0,Fuck It All Up (feat. JVZEL),DOLF
1471,509,546,174031,737,1.68e-05,5,114,-3.794,1,54,97.9,4.0,188,0,After All,Khrebto
1472,125,0.72,230853,746,476,11,929,-5.567,0,985,124.045,4.0,508,0,Something Just Like This - Don Diablo Remix,The Chainsmokers
1473,817,0.68,192200,941,621,0,852,-8.093,1,532,124.035,4.0,338,0,The Jam,Kideko
1474,143,626,219174,748,0.0,1,123,-5.899,1,345,121.067,4.0,217,0,Get What You Give,Felix Cartal
1475,107,723,211890,784,772,2,791,-5.547,1,334,128.027,4.0,382,0,Joyride,Bassjackers
1476,131,522,210816,0.86,209,10,122,-3.773,0,145,128.019,4.0,263,0,Open,Yellow Claw
1477,533,599,288877,667,0.0,7,134,-4.267,1,367,80.984,4.0,811,0,I'm the One,DJ Khaled
1478,521,719,194320,657,0.0,11,872,-4.588,0,494,122.02,4.0,694,0,There's Nothing Holdin' Me Back - NOTD Remix,Shawn Mendes
1479,461,615,201387,638,979,1,382,-5.341,1,0.13,106.002,4.0,0.41,0,Bon Appétit - MUNA Remix,Katy Perry
1480,647,695,182693,818,4.87e-06,5,219,-5.379,0,334,119.965,4.0,923,0,Hard Times,Paramore
1481,64,375,176387,0.93,0.0,2,318,-2.631,1,561,147.124,4.0,0.5,0,Kiwi,Harry Styles
1482,166,766,181000,771,2.51e-06,8,105,-4.358,1,483,113.946,4.0,655,0,Issues - Alan Walker Remix,Julia Michaels
1483,105,615,224773,564,0.0,9,148,-6.384,1,291,103.006,4.0,443,0,Young,The Chainsmokers
1484,121,692,195889,896,6.59e-05,1,199,-4.017,1,502,134.056,4.0,809,0,That's What I Like - Alan Walker Remix,Bruno Mars
1485,771,709,225253,782,4.71e-06,7,302,-3.526,0,469,102.032,4.0,706,0,No More Sad Songs (feat. Machine Gun Kelly),Little Mix
1486,569,624,189613,673,1.54e-06,4,104,-4.017,0,268,121.986,4.0,458,0,Carolina,Harry Styles
1487,101,867,191240,487,0.0,5,148,-5.872,1,777,101.959,4.0,777,0,High Without Your Love,Loote
1488,217,0.62,248156,713,3.3e-06,2,222,-4.753,1,342,137.957,4.0,465,0,Feel Good,Gryffin
1489,0.57,629,250173,572,0.0,5,192,-7.733,0,387,100.015,4.0,0.38,0,1-800-273-8255,Logic
1490,377,0.61,176111,747,0.0,11,662,-4.25,0,531,129.976,4.0,443,0,Middle Of The Night,The Vamps
1491,156,841,241875,639,654,9,545,-6.052,0,688,99.002,4.0,673,0,Tuesday (feat. Danelle Sandoval),Burak Yeter
1492,186,509,183229,712,0.0,7,102,-5.747,1,111,99.831,4.0,648,0,Hunter,Galantis
1493,466,722,182728,614,0.0,11,106,-7.549,0,115,154.903,4.0,504,0,XO TOUR Llif3,Lil Uzi Vert
1494,506,776,202480,741,0.0,7,701,-5.804,1,41,120.079,4.0,845,0,Kissing Strangers,DNCE
1495,127,698,200105,882,0.0,4,0.15,-3.078,0,863,106.083,4.0,462,0,Ciao Adios,Anne-Marie
1496,267,732,172751,629,0.0,0,118,-4.64,1,286,91.7,4.0,685,0,Overwhelming,Jon Bellion
1497,242,592,210947,763,0.0,1,715,-3.334,1,366,180.084,4.0,647,0,Go For Broke (feat. James Arthur),Machine Gun Kelly
1498,393,602,200187,707,0.0,11,165,-4.097,1,302,75.09,4.0,539,0,Human,Rag'n'Bone Man
1499,219,568,202439,0.69,2.3e-05,1,815,-5.034,0,431,130.12,4.0,44,0,Eyes Closed,Halsey
1500,913,769,203992,631,0.0,1,114,-6.769,1,568,100.968,4.0,501,0,History,Olivia Holt
1501,261,555,174467,645,0.0,4,79,-5.799,0,637,140.911,4.0,195,0,Calm Down,Skip Marley
1502,909,583,199756,729,2.02e-05,6,367,-4.525,1,314,144.994,4.0,313,0,Be There,Krewella
1503,182,836,242174,0.71,2.23e-05,5,137,-5.185,0,595,119.952,4.0,531,0,Swish Swish,Katy Perry
1504,18,598,205746,748,196,8,116,-6.239,1,706,130.057,4.0,321,0,Confident,Demi Lovato
1505,477,585,214740,614,155,10,762,-5.594,0,37,114.059,4.0,273,0,Cool for the Summer,Demi Lovato
1506,214,626,204188,695,0.0,7,224,-6.528,0,594,154.023,4.0,586,0,Old Ways,Demi Lovato
1507,418,505,221050,705,0.0,5,815,-6.097,1,395,126.021,4.0,309,0,For You,Demi Lovato
1508,0.48,414,191308,469,0.0,8,974,-7.583,1,485,139.401,3.0,322,0,Stone Cold,Demi Lovato
1509,234,556,244014,802,0.0,5,398,-5.089,0,694,176.003,4.0,263,0,Kingdom Come,Demi Lovato
1510,242,587,192918,659,0.0,7,874,-6.406,0,203,150.026,4.0,411,0,Waitin for You,Demi Lovato
1511,559,628,199140,694,0.0,5,556,-3.909,0,378,130.057,4.0,447,0,Wildfire,Demi Lovato
1512,0.92,442,408600,124,605,3,0.21,-22.227,1,388,65.003,4.0,205,0,I'll Let You Know,David Hazeltine
1513,0.89,475,206360,588,238,5,129,-17.464,0,418,115.642,4.0,229,0,I'll Wait And Pray,John Coltrane
1514,915,487,388347,135,353,2,686,-11.211,0,434,105.854,5.0,0.23,0,The Shadow of Your Smile,Scott Hamilton
1515,922,535,297653,107,649,10,105,-18.989,0,323,102.186,4.0,159,0,"Vid Frösö kyrka (At Frösö Church) - From Frösöblomster (Frösö Flowers) (arr. J. Ekberg, P.V. Johansson and L. Simonsson)",Trio X of Sweden
1516,941,349,176297,227,819,6,109,-12.298,1,31,100.449,4.0,0.15,0,Jackie Gets Out,Terence Blanchard
1517,935,428,285601,187,853,10,103,-21.001,1,375,108.962,4.0,171,0,Romance / Hommage à Milhaud,Enrico Pieranunzi
1518,859,456,243013,257,475,10,111,-16.877,0,298,104.311,4.0,171,0,Leave Me Here,Triosence
1519,871,421,265320,867,429,0,115,-18.732,1,37,95.438,4.0,718,0,Where We Used To Live,Esbjörn Svensson Trio
1520,0.95,0.34,305427,237,927,8,0.14,-14.901,1,302,162.892,4.0,728,0,Mommy's Shawl,Yelena Eckemoff
1521,973,478,388040,757,939,5,108,-20.847,1,505,76.952,4.0,235,0,For Wee Folks,Joey Alexander
1522,854,0.46,278071,141,885,9,0.11,-14.994,1,314,168.807,3.0,0.16,0,All I See is Us,Sassy Players
1523,957,356,342373,937,96,8,209,-16.64,0,353,86.669,3.0,259,0,Goodbye Pork Pie Hat,Charles Mingus
1524,974,385,182653,562,532,11,107,-14.812,1,415,116.666,4.0,186,0,Ballad for MC,Grace Kelly
1525,958,0.4,364627,144,878,10,119,-15.52,1,37,120.329,4.0,154,0,Soul in Twilight,John Moulder
1526,967,296,340507,709,804,3,105,-14.832,0,312,95.028,4.0,66,0,So Lovely,Ben Wolfe
1527,914,425,176272,136,921,11,127,-17.382,1,293,168.527,3.0,227,0,The Sweetest Nighlife,Ellie & The Bunch
1528,988,479,440133,146,692,7,103,-14.319,1,351,111.643,3.0,728,0,I Got It Bad,Enrico Pieranunzi
1529,886,466,255107,753,927,0,984,-18.864,1,297,87.791,4.0,877,0,Gramercy Sunset,The Hot Sardines
1530,986,371,66762,295,937,10,125,-22.038,0,335,82.313,3.0,276,0,I'm a Fool to Want You,Passport Quartet
1531,0.94,317,234373,302,298,1,792,-30.447,1,342,47.859,4.0,155,0,"I Was So Young, and You Were So Beautiful",Bill Charlap
1532,946,505,294940,159,127,7,218,-11.235,0,336,59.385,4.0,205,0,Journey Into Melody - 2007 Digital Remaster,Stanley Turrentine
1533,929,0.55,484627,249,828,5,258,-15.919,0,325,121.37,4.0,296,0,I'm Glad There Is You,Bill Mobley
1534,623,0.47,394920,156,187,2,104,-17.036,1,399,118.176,4.0,591,0,Blue Ballad,Phil Woods
1535,992,447,1004627,163,776,8,654,-14.835,1,707,74.933,3.0,0.19,0,The Nearness of You,Joshua Redman
1536,921,445,391707,223,884,3,131,-17.402,1,374,110.821,4.0,0.22,0,It Never Entered my Mind,Mulgrew Miller
1537,0.81,421,337733,161,21,2,978,-25.358,0,374,110.926,4.0,155,0,Blue in Green,Miles Davis
1538,0.99,326,168667,575,887,4,281,-16.5,1,393,127.397,5.0,311,0,Where or When,Wynton Marsalis
1539,0.87,446,492080,242,497,8,105,-14.152,1,368,126.681,4.0,176,0,Count Your Blessings,Seamus Blake
1540,823,526,322133,0.17,777,9,114,-13.089,0,411,117.414,4.0,173,0,Good Morning Heartache,Scott Hamilton
1541,965,445,396520,978,915,3,121,-26.924,1,397,117.283,4.0,172,0,Two Sleepy People,Marcus Gilmore
1542,924,533,221733,148,932,0,112,-18.275,1,329,63.637,4.0,103,0,Can't Help Loving,Beegie Adair
1543,761,383,447280,131,194,7,973,-17.764,1,33,98.606,4.0,999,0,The Nearness Of You,Bill Charlap
1544,846,569,282320,117,852,5,978,-22.741,1,446,60.483,4.0,102,0,When Sunny Gets Blue,McCoy Tyner
1545,961,484,389893,291,474,10,115,-23.363,1,459,98.434,4.0,0.38,0,Blue and Sentimental,Julian Dash
1546,986,388,232046,354,956,7,178,-25.766,1,421,143.514,4.0,192,0,Almas vaggvisa,Jan Lundgren Trio
1547,857,364,317946,114,635,1,839,-16.552,1,333,117.715,3.0,581,0,Before It's Time To Say Goodbye,Kenny Garrett
1548,967,539,294667,678,168,0,114,-18.039,1,468,124.105,4.0,257,0,Autumn Nocturne,Lou Donaldson
1549,971,0.45,289693,437,0.88,10,948,-29.46,1,374,63.938,4.0,906,0,Eleanor,Hank Jones
1550,886,386,348533,125,878,9,189,-19.892,0,572,78.553,3.0,132,0,Angel Eyes,"Tommy Flanagan, Ron Carter & Tony Williams"
1551,868,0.42,336373,105,587,6,957,-20.502,1,35,99.873,4.0,108,0,Good Morning.Goodbye,Dan Cray Trio
1552,971,428,294587,212,0.73,0,169,-15.442,0,32,98.096,3.0,312,0,Doubts 2,Ibrahim Maalouf
1553,0.96,0.32,325400,156,904,2,775,-12.258,1,33,159.618,3.0,623,0,The Last Goodbye,Nicholas Payton
1554,0.96,411,246067,416,925,1,64,-23.23,1,414,97.96,4.0,746,0,Where Do You Start,Brad Mehldau Trio
1555,748,0.52,341667,748,633,8,102,-24.477,1,497,107.327,4.0,134,0,The Man I Love,Marcus Roberts
1556,905,0.42,257693,802,857,7,135,-21.795,1,0.04,122.041,3.0,513,0,Gary's Theme - Remastered,Bill Evans
1557,912,399,325587,307,623,1,115,-14.38,1,347,116.308,4.0,621,0,Trust,Roy Hargrove
1558,937,428,240093,0.3,658,0,168,-8.885,1,34,122.667,5.0,221,0,The Folks Who Live on the Hill,Joshua Redman
1559,717,423,335333,158,75,0,975,-15.59,0,346,106.974,4.0,0.19,0,All The Way,Bob Berg
1560,0.93,336,314493,328,732,7,111,-15.005,0,386,184.007,3.0,198,0,Emperor Jones - Instrumental,Joe Lovano
1561,903,257,376573,216,134,8,979,-16.266,0,365,65.125,3.0,0.19,0,Isadora,Christian Scott
1562,901,368,428973,0.14,874,0,688,-15.005,0,45,61.758,4.0,172,0,I Remember Clifford,Lee Morgan
1563,195,323,244867,118,694,5,241,-22.751,0,449,79.554,4.0,706,0,Sous le Ciel de Paris,Jacky Terrasson
1564,978,575,258040,935,452,3,109,-15.906,1,858,65.23,4.0,289,0,You Go To My Head,Art Pepper
1565,0.91,421,763467,967,415,7,218,-16.441,0,509,77.401,4.0,183,0,Gloomy Sunday,Branford Marsalis
1566,936,358,212493,0.16,0.34,8,896,-12.658,0,352,179.955,3.0,246,0,I Didn't Know About You,Johnny Hodges
1567,918,331,507533,861,902,5,106,-21.226,1,354,107.436,4.0,152,0,I Have Dreamed,Christian McBride
1568,971,633,149072,0.12,871,5,121,-20.066,0,428,115.51,3.0,473,0,Fools Rush In,Teddy Wilson
1569,899,461,477173,389,15,0,927,-20.482,1,399,109.374,4.0,121,0,Dreamsville,David Halliday
1570,827,458,482187,217,805,5,194,-16.582,1,328,107.506,4.0,125,0,Old Folks,Xavier Davis
1571,972,448,308893,532,876,5,863,-27.35,1,454,99.757,4.0,189,0,I Got It Bad And That Ain't Good,Oscar Peterson Trio
1572,0.97,509,252947,461,911,1,134,-10.693,1,427,132.709,4.0,368,0,My Romance,Gene Ammons
1573,949,386,567920,148,792,0,665,-18.921,0,367,94.88,4.0,128,0,The Peacocks,Anthony Wonsey Trio
1574,973,407,418000,106,762,1,123,-19.078,1,375,94.231,4.0,0.23,0,A Nightingale Sang In Berkeley Square,Stan Getz
1575,967,384,206040,544,964,0,115,-19.791,1,485,181.262,3.0,301,0,A Hundred Dreams from Now,Ray Bryant
1576,978,514,323200,814,873,0,219,-17.149,0,361,64.97,3.0,235,0,My Little Brown Book,Duke Ellington
1577,577,848,261933,465,543,1,101,-9.029,0,524,94.02,4.0,622,0,Moving On and Getting Over,John Mayer
1578,144,736,185588,616,2.29e-06,4,268,-8.016,1,345,101.966,4.0,0.89,0,Safe,Bay Ledges
1579,652,865,246610,548,161,10,113,-7.379,0,192,109.989,4.0,879,0,Second Nature,Stalking Gia
1580,311,677,236786,738,144,6,138,-6.287,1,467,98.963,4.0,561,0,The Best Crew,Tep No
1581,273,784,266455,587,107,9,356,-6.361,1,422,107.999,4.0,0.85,0,Hideout,Parcels
1582,0.83,534,238265,582,0.0,2,125,-6.22,1,424,186.346,4.0,289,0,No Le Digas Que Hacer,Karina Vismara
1583,826,876,51547,301,0.0,0,419,-7.866,1,436,69.009,4.0,932,0,Peas Pudding Hot,The Kids Band
1584,791,718,144733,315,0.0,6,228,-13.869,1,181,96.981,4.0,592,0,Biscuits in the Oven,Raffi
1585,71,498,106680,721,0.0,4,122,-6.695,1,327,93.31,4.0,673,0,Jelly Beans,The Hipwaders
1586,336,0.89,129187,891,0.0,2,97,-5.542,1,483,119.993,4.0,947,0,My Favorite Snack,Imagination Movers
1587,649,603,100693,355,0.0,0,952,-9.624,1,566,111.405,4.0,441,0,Curse of the Spinach,Trout Fishing in America
1588,519,567,160133,436,0.0,2,247,-9.45,1,158,97.206,4.0,598,0,Mosquito Burrito,Roger Day
1589,147,554,191947,844,7.27e-06,9,329,-7.763,1,468,159.119,4.0,935,0,C'mon Let's Make A Pizza,We Kids Rock
1590,461,873,127227,511,1.22e-06,2,655,-12.303,1,368,127.93,4.0,972,0,Jelly On A Plate,The Kids Band
1591,741,941,47547,256,1.06e-05,1,841,-11.478,1,108,110.082,4.0,545,0,Little Green Apple,Tumble Tots
1592,809,802,156373,288,0.0,7,745,-11.372,1,129,119.882,4.0,722,0,Always Chew Your Food,Trout Fishing in America
1593,278,693,87705,578,1.52e-06,0,121,-11.129,1,0.18,78.158,4.0,851,0,"Icy, Creamy Ice Cream",Barney
1594,995,471,82293,148,934,3,181,-33.097,1,558,102.271,3.0,183,0,"Lyric Pieces, Book I Op. 12: I. Arietta",Edvard Grieg
1595,915,277,295747,156,654,7,148,-24.801,1,482,117.119,3.0,855,0,"String Quartet No. 4 in C Major, D. 46: II. Andante con moto",Franz Schubert
1596,995,333,221173,288,819,1,73,-31.367,1,423,100.189,3.0,857,0,"8 Fantasiestücke, Op.12 : 1. Des Abends",Robert Schumann
1597,971,338,455307,539,328,9,121,-21.863,0,414,103.861,4.0,205,0,"String Quartet No. 5 in C Major, Op. 29, ""Serenade"": II. Ballata: Allegretto scherzando",Wilhelm Stenhammar
1598,953,156,458000,23,338,10,165,-31.082,1,445,140.715,4.0,588,0,"Piano Quartet in E flat, Op.47: 3. Andante cantabile",Robert Schumann
1599,993,294,621280,142,912,7,673,-20.374,1,388,94.296,4.0,199,0,"Piano Sonata No. 18 in G Major, Op. 78, D. 894: IV. Allegretto",Franz Schubert
1600,913,152,275653,626,204,5,142,-20.947,1,395,137.174,5.0,484,0,"Trio Sonata in G Major, Wq. 144: I. Adagio",Carl Philipp Emanuel Bach
1601,983,236,260000,632,452,10,101,-21.189,0,439,133.959,5.0,559,0,"Trio No. 2 en Mi Mineur, Op. 92: III. Andante con moto",Camille Saint-Saëns
1602,951,173,649415,619,526,5,132,-20.788,1,466,72.695,4.0,886,0,"String Quintet in C Major, Op. 29: II. Adagio molto espressivo",Ludwig van Beethoven
1603,991,295,784013,918,884,0,114,-22.769,0,385,98.939,4.0,119,0,Viola Sonata in C Minor: III. Andante con variazioni,Felix Mendelssohn
1604,841,757,175238,867,992,0,125,-2.529,0,362,125.962,4.0,518,0,Magic City,Wahlstedt
1605,319,514,184762,862,171,0,119,-6.329,0,156,126.112,4.0,487,0,Livin' 4 Ya,MOTi
1606,682,412,257846,0.83,739,3,108,-4.976,0,651,127.894,4.0,239,0,Last Chance,Kaskade
1607,623,654,236308,728,404,6,688,-8.477,0,577,130.006,4.0,281,0,Nite Time - Ruby & Tony Radio Edit,George Acosta
1608,43,638,196132,828,0.0,7,903,-4.53,1,393,122.037,4.0,102,0,Satellites,DubVision
1609,316,591,185171,881,203,6,303,-4.073,0,614,128.076,4.0,0.16,0,Can't Take It,Breathe Carolina
1610,59,624,187838,732,142,4,254,-6.372,0,273,132.025,4.0,292,0,All Aloud,Adrian Lux
1611,282,369,187549,801,0.0,1,266,-5.302,1,384,128.09,4.0,311,0,Close,IZECOLD
1612,58,704,377153,962,128,7,0.22,-3.095,1,115,127.997,4.0,727,0,Cascade - Original Mix,Tommy Trash
1613,141,0.48,179893,878,0.0,6,587,-6.59,0,743,136.006,4.0,0.19,0,Waiting,Dash Berlin
1614,86,707,220640,471,839,9,179,-7.667,1,354,125.014,4.0,354,0,Everytime We Touch,David Guetta - Sébastian Ingrosso - Joachim Garraud - Chris Willis - Steve Angello
1615,732,623,192000,975,0.16,3,614,-2.632,0,109,125.94,4.0,247,0,Milky Way,Madison Mars
1616,837,184,221286,871,167,8,0.15,-3.245,0,661,127.972,4.0,213,0,You,Galantis
1617,24,691,381732,951,412,0,316,-4.989,1,879,126.989,4.0,617,0,La Tromba Risin' (feat. Tasita D'Mour),Chris Lake
1618,259,0.66,254879,652,0.0,8,673,-4.747,1,582,127.977,4.0,167,0,Crash 2.0 (Adventure Club vs. DallasK),Adventure Club
1619,338,569,190155,896,958,1,633,-3.114,1,489,128.083,4.0,113,0,Raven,John Dahlbäck
1620,689,798,194000,809,765,1,998,-5.898,0,63,120.044,4.0,766,0,Icarus - Black Caviar Remix,R3hab
1621,475,539,209531,936,104,10,106,-3.803,1,112,128.015,4.0,211,0,Wasted Love (feat. Dougy),Steve Angello
1622,695,583,233239,748,241,6,0.22,-4.798,1,292,142.029,4.0,234,0,Summer,Marshmello
1623,362,0.56,162383,916,963,7,102,-3.328,0,661,144.933,4.0,577,0,Catch Me (feat. Naaz),Flux Pavilion
1624,144,507,213338,665,0.0,0,759,-7.598,1,474,126.879,4.0,406,0,Save the World - Radio Mix,Swedish House Mafia
1625,164,703,346930,684,378,8,744,-6.532,1,778,126.027,4.0,222,0,"Wild One Two - feat. David Guetta, Nicky Romero & Sia",Jack Back
1626,136,526,322227,861,732,2,596,-5.871,0,587,128.032,4.0,114,0,Fire In Your New Shoes (feat. Martina of Dragonette) - Sultan & Ned Shepard Electric Daisy Remix,Kaskade
1627,124,412,205440,871,128,1,0.2,-4.893,0,458,125.043,4.0,132,0,Calling (Lose My Mind) - Radio Edit,Sebastian Ingrosso
1628,168,737,368476,614,534,6,682,-6.001,0,0.4,127.987,4.0,394,0,Language,Porter Robinson
1629,8.45e-05,649,214042,706,831,8,163,-7.209,0,31,128.032,4.0,744,0,Strobe - Radio Edit,deadmau5
1630,896,0.49,200992,811,0.0,1,898,-2.524,0,44,125.965,4.0,564,0,Seek Bromance (Avicii Vocal Edit) - Avicii Vocal Edit,Tim Berg
1631,429,502,248447,756,769,7,377,-6.118,0,363,128.125,4.0,605,0,Poison,Martin Garrix
1632,241,713,208620,0.81,0.0,0,936,-3.353,0,918,130.006,4.0,667,0,Take Over Control - Radio Edit,Afrojack
1633,338,575,300013,913,816,7,605,-6.081,1,402,128.014,4.0,208,0,Teenage Crime - Axwell & Henrik B Remode,Adrian Lux
1634,375,747,166138,877,833,9,233,-3.782,0,664,107.991,4.0,763,0,Light It Up (feat. Nyla & Fuse ODG) [Remix],Major Lazer
1635,21,719,251429,0.81,672,8,0.5,-4.769,0,672,126.033,4.0,483,0,Turn Me Up - ViP Mix,MOTi
1636,732,509,221274,729,2.73e-05,1,233,-4.773,1,343,127.871,4.0,185,0,Together,Martin Garrix
1637,663,393,147231,0.94,264,6,546,-3.894,0,718,129.958,4.0,293,0,Whatcha Need,W&W
1638,534,605,199904,873,837,1,314,-5.938,0,344,126.026,4.0,0.47,0,Levels - Radio Edit,Avicii
1639,291,589,212627,651,3.2e-06,6,111,-5.097,1,306,90.011,4.0,161,0,Faded,Alan Walker
1640,344,561,235873,771,151,1,756,-5.533,1,36,128.025,4.0,212,0,Move for Me,Kaskade
1641,0.09,692,183747,898,941,10,478,-5.276,1,44,127.993,4.0,331,0,Turn up the Speakers - Radio Edit,Afrojack
1642,233,672,295035,785,127,8,111,-4.473,1,346,122.999,4.0,352,0,Counting Down The Days - Yotto Edit,Above & Beyond
1643,626,691,203302,721,562,11,297,-6.206,1,0.03,117.021,4.0,463,0,Summer Dreams,Michael Brun
1644,552,841,485293,673,419,9,228,-7.361,0,119,127.006,4.0,197,0,Changes - Dirty South Remix,Chris Lake Feat. Laura V
1645,31,0.51,210013,747,0.0,5,233,-4.124,1,651,125.951,4.0,349,0,Heroes (we could be),Alesso
1646,583,516,174500,786,1.77e-06,4,662,-5.514,0,106,130.069,4.0,182,0,Everything,R3hab
1647,346,723,176561,809,123,7,565,-3.081,0,625,98.007,4.0,271,0,Lean On (feat. MØ & DJ Snake),Major Lazer
1648,354,568,196000,928,211,10,478,-3.556,1,45,122.997,4.0,0.57,0,Starlight - Radio Mix,SOVI
1649,28,476,226867,815,593,4,357,-5.073,1,359,127.964,4.0,144,0,City Of Dreams - Radio Edit,Dirty South
1650,388,605,325714,642,598,3,102,-7.002,1,411,125.967,4.0,157,0,Chords Of Life - Original Mix,Tim Mason
1651,856,605,235000,884,162,7,501,-3.094,0,611,125.989,4.0,364,0,Blackout - Madison Mars Radio Mix,Tritonal
1652,273,408,247655,849,3.04e-05,11,139,-5.284,0,646,174.029,4.0,141,0,Freak,Friction
1653,158,598,383495,534,124,4,319,-5.666,0,272,115.005,4.0,473,0,Skyscrapers,Daydreamer
1654,344,529,222075,955,4.55e-05,10,353,-2.59,0,794,125.988,4.0,102,0,Chemicals - Radio Edit,Tiësto
1655,481,475,224973,838,0.0,1,304,-2.948,0,666,127.921,4.0,236,0,Run Wild - Alternative Edit Mix Cut,Hardwell
1656,111,668,212323,977,0.17,1,363,-2.673,1,515,128.06,3.0,561,0,Blackout,Pegboard Nerds
1657,178,0.69,230792,841,0.79,4,137,-5.592,0,868,130.052,4.0,533,0,Rock The House - Radio Edit,Afrojack
1658,268,624,157452,923,228,9,509,-5.449,0,335,124.994,4.0,0.39,0,Sweet Memories,CID
1659,711,719,313580,737,285,2,304,-5.219,1,32,127.991,4.0,356,0,Borrowed Lives (feat. NVDES),Pierce Fulton
1660,107,631,235025,893,632,7,147,-5.123,1,411,130.015,4.0,558,0,Concrete Angel (Radio Edit) (feat. Christina Novelli),Gareth Emery
1661,24,0.54,201290,933,954,2,371,-6.784,1,364,123.988,4.0,0.23,0,Yebisah,Mark Knight
1662,306,546,191250,772,0.0,5,733,-5.311,0,477,127.942,4.0,255,0,Otherside,Suyano
1663,281,608,219398,878,4.83e-06,0,415,-3.631,1,765,128.069,4.0,326,0,Falling Back - Radio Edit,Cosmic Gate
1664,294,591,228347,649,0.0,3,133,-6.72,1,417,90.002,4.0,482,0,Fireflies,Owl City
1665,314,559,205933,882,1.71e-05,3,605,-4.281,1,157,126.064,4.0,644,0,Good Time,Owl City
1666,243,631,218093,838,0.0,11,512,-6.817,0,818,127.938,4.0,392,0,When Can I See You Again?,Owl City
1667,2,0.55,213026,747,1.44e-06,2,113,-6.897,1,334,128.014,4.0,185,0,Verge,Owl City
1668,82,581,231707,526,369,11,113,-7.584,1,265,166.151,4.0,551,0,Vanilla Twilight,Owl City
1669,359,761,219120,639,0.0,5,945,-7.577,0,539,164.088,4.0,933,0,You Make Me Wanna...,Usher
1670,157,715,277320,721,1.75e-06,8,309,-5.622,0,541,86.26,4.0,814,0,Can't You See,Total
1671,0.27,0.67,254147,348,0.0,0,104,-12.229,1,138,113.306,5.0,0.81,0,Lost Without U,Robin Thicke
1672,757,572,297893,853,0.0,1,798,-3.203,1,217,171.297,4.0,995,0,Till I Collapse,Eminem
1673,114,858,290836,697,0.0,2,224,-5.361,1,0.23,98.012,4.0,365,0,$ave Dat Money (feat. Fetty Wap & Rich Homie Quan),Lil Dicky
1674,175,537,127427,624,2.2e-06,11,116,-8.794,1,325,102.315,4.0,0.4,0,Calm Down,G-Eazy
1675,583,688,230493,835,2.87e-06,8,795,-4.162,1,911,84.858,4.0,879,0,Remember The Name (feat. Styles Of Beyond),Fort Minor
1676,436,578,233182,909,128,7,707,-3.672,1,105,87.983,4.0,518,0,Mind Tricks,Bassnectar
1677,107,507,215291,918,8.7e-06,2,311,-4.684,1,701,92.006,4.0,275,0,Help,Papa Roach
1678,765,0.54,231107,661,0.0,3,125,-5.534,0,381,90.012,4.0,509,0,Follow You,Bring Me The Horizon
1679,278,231,200920,791,55,4,396,-4.297,0,446,87.337,4.0,404,0,Snow Cats,AFI
1680,4.82e-05,409,200677,992,2.03e-06,3,0.1,-2.803,0,108,149.859,4.0,339,0,Paranoia,A Day To Remember
1681,285,458,211430,0.99,893,8,454,-3.717,1,183,166.904,4.0,462,0,Hated,Beartooth
1682,4.24e-05,396,257120,912,631,7,124,-4.026,0,856,125.923,4.0,146,0,Shock Me,Baroness
1683,1.85e-05,0.55,238653,917,214,7,333,-4.575,1,378,109.552,3.0,247,0,The Devil's Bleeding Crown,Volbeat
1684,6.04e-05,505,219763,985,1.02e-05,5,351,-4.401,1,119,119.993,4.0,267,0,Go Down in History,Four Year Strong
1685,2.79e-05,351,165047,915,725,1,972,-4.53,0,881,184.815,4.0,457,0,Serpents,Neck Deep
1686,267,442,239451,892,7.92e-06,9,758,-6.431,0,86,151.914,4.0,258,0,Black Honey,Thrice
1687,353,0.42,210240,929,747,7,122,-3.899,0,121,127.204,4.0,318,0,Chop Suey!,System Of A Down
1688,245,623,228467,886,0.0,1,247,-3.044,1,404,92.021,4.0,691,0,Something To Believe In,Young the Giant
1689,643,585,216760,757,0.0,4,741,-5.424,1,302,109.781,4.0,615,0,She Hates Me,Puddle Of Mudd
1690,154,559,213093,895,0.0,1,175,-4.476,0,832,183.825,4.0,563,0,Don't Threaten Me With A Good Time,Panic! At The Disco
1691,172,542,203347,905,104,9,136,-5.653,1,54,153.398,4.0,365,0,Sex on Fire,Kings of Leon
1692,122,0.7,234308,714,0.0,9,428,-6.295,0,104,99.909,4.0,482,0,Cold,Maroon 5
1693,119,0.64,220781,533,0.0,0,864,-6.596,1,706,99.968,4.0,0.5,0,It Ain't Me (with Selena Gomez),Kygo
1694,687,393,239451,505,0.0,5,101,-7.048,1,289,163.938,3.0,205,0,Bring Me the Night,Sam Tsui feat. Kina Grannis
1695,109,599,212013,677,8.04e-06,0,612,-4.722,0,35,81.021,4.0,458,0,Crush,David Archuleta
1696,576,591,218373,866,0.0,2,146,-2.877,1,536,86.981,4.0,496,0,Song 2 You,Victorious Cast
1697,109,616,179600,0.91,0.0,8,806,-3.316,0,124,150.038,4.0,709,0,L.A. Boyz,Victorious Cast feat. Victoria Justice and Ariana Grande
1698,197,593,194893,814,0.0,9,0.18,-4.802,1,166,146.919,4.0,0.47,0,Faster than Boyz,Victorious Cast
1699,501,581,197160,0.86,0.0,10,305,-3.459,1,36,122.941,4.0,0.48,0,Bad Boys,Victorious Cast
1700,123,428,221720,781,1.47e-05,6,104,-5.032,0,608,82.353,4.0,0.72,0,"Too Little, Too Late",JoJo
1701,799,0.66,304293,255,0.0,10,797,-9.79,1,278,103.087,4.0,508,0,Fast Car (feat. Kina Grannis),Kina Grannis
1702,474,672,184960,396,0.0,2,921,-9.489,0,349,130.015,4.0,464,0,In Your Arms,Kina Grannis
1703,292,862,150707,351,0.0,9,105,-11.793,1,439,124.964,4.0,504,0,Valentine,Kina Grannis
1704,436,696,157187,439,0.0,7,353,-9.438,1,0.07,135.925,4.0,686,0,The One You Say Goodnight To,Kina Grannis
1705,167,631,253107,591,0.0,11,812,-7.669,1,333,137.917,4.0,459,0,Gone,Kina Grannis
1706,634,637,195167,507,0.0,6,386,-9.59,0,283,105.932,4.0,566,0,Strong Enough,Kina Grannis
1707,226,546,231240,522,0.0,4,129,-7.113,1,361,117.299,4.0,494,0,Without Me,Kina Grannis
1708,784,593,208000,872,0.0,1,286,-4.525,0,959,91.964,4.0,521,0,L.A. Story,Sammy Adams
1709,112,688,186800,795,0.0,5,133,-6.161,1,47,125.044,4.0,773,0,Something About the Sunshine,Anna Margaret
1710,114,586,176360,896,0.0,3,175,-4.572,1,0.11,94.954,4.0,353,0,Like Nobody's Around,Big Time Rush
1711,101,403,201720,883,0.0,4,109,-3.385,1,87,202.013,4.0,769,0,Amazing,Big Time Rush
1712,987,614,201040,857,0.0,1,177,-4.171,0,111,164.146,4.0,655,0,Boyfriend,Big Time Rush
1713,735,531,224333,771,0.0,4,0.17,-6.162,1,468,159.973,4.0,608,0,Worldwide,Big Time Rush
1714,273,599,197587,888,0.0,11,0.28,-2.931,0,514,121.05,4.0,0.84,0,Big Time Rush,Big Time Rush
1715,178,644,200613,842,0.0,8,796,-4.787,1,429,99.05,4.0,852,0,Popular Song,MIKA
1716,671,543,183960,852,0.0,1,822,-3.737,1,787,129.023,4.0,689,0,All About Tonight - featuring Cymphonique Miller,How To Rock Cast
1717,219,638,209933,705,0.0,2,156,-4.47,1,35,91.961,4.0,292,0,Count On You,Big Time Rush
1718,196,437,175587,802,0.0,2,709,-5.709,1,997,121.387,5.0,604,0,I Know You Know,Big Time Rush
1719,479,695,218187,579,0.0,0,556,-5.066,1,325,88.957,4.0,731,0,Bring It All to Me,Blaque
1720,117,0.85,258113,398,0.0,7,263,-9.816,1,534,99.717,4.0,717,0,Too Close,Next
1721,453,841,278467,552,154,7,533,-10.345,1,498,99.018,4.0,596,0,I'm So Into You,SWV
1722,409,618,291880,688,6.32e-06,5,0.3,-5.867,0,477,78.311,4.0,561,0,Don't Let Go (Love),En Vogue
1723,29,583,271093,681,6.03e-05,11,999,-8.152,0,585,188.256,4.0,0.57,0,Candy Rain,Soul For Real
1724,67,829,243159,652,0.0,7,812,-8.693,0,108,99.581,4.0,717,0,Wifey,Next
1725,396,635,329907,0.53,0.0,8,118,-8.1,1,328,116.631,4.0,204,0,On Bended Knee,Boyz II Men
1726,267,809,275080,522,1.97e-05,10,729,-8.747,0,821,99.001,4.0,879,0,Get It On Tonite,Montell Jordan
1727,74,642,348893,421,0.0,5,676,-9.32,0,237,74.849,3.0,453,0,End Of The Road,Boyz II Men
1728,105,563,235853,487,0.0,2,884,-7.775,1,234,142.53,3.0,248,0,I'll Make Love To You,Boyz II Men
1729,468,578,201280,375,0.0,0,156,-12.951,1,272,89.605,4.0,561,0,Water Runs Dry,Boyz II Men
1730,499,571,301587,447,0.0,7,125,-8.757,1,338,75.019,4.0,162,0,A Song For Mama,Boyz II Men
1731,788,873,301200,591,71,7,104,-8.942,1,102,123.091,4.0,0.49,0,Together Again,Janet Jackson
1732,135,729,272360,914,672,2,156,-4.043,1,41,127.907,4.0,918,0,Someone To Call My Lover,Janet Jackson
1733,264,815,283934,944,38,1,181,-6.698,1,513,115.219,4.0,681,0,Escapade,Janet Jackson
1734,198,571,199640,0.87,6.6e-06,8,564,-3.877,0,641,172.716,4.0,815,0,Bye Bye Bye,*NSYNC
1735,0.3,0.55,266293,563,0.0,2,122,-7.019,1,313,166.004,4.0,462,0,This I Promise You - Radio Edit,*NSYNC
1736,479,647,191280,0.87,0.0,0,485,-4.702,0,798,165.103,4.0,906,0,It's Gonna Be Me,*NSYNC
1737,0.44,468,243493,535,0.0,10,101,-8.264,1,436,168.001,4.0,298,0,God Must Have Spent a Little More Time on You - Remix,*NSYNC
1738,743,754,199787,946,391,8,401,-2.149,0,403,112.042,4.0,865,0,I Want You Back - Radio Edit,*NSYNC
1739,412,841,175520,866,0.0,11,212,-6.342,1,118,119.941,4.0,875,0,Pop - Radio Version,*NSYNC
1740,799,685,209560,872,0.0,7,323,-6.939,1,321,110.046,4.0,806,0,Tearin' up My Heart - Radio Edit,*NSYNC
1741,0.16,773,211907,801,0.0,0,111,-5.562,1,281,98.205,4.0,0.8,0,As Long as You Love Me,Backstreet Boys
1742,66,798,232027,862,1.65e-06,11,168,-4.95,0,336,100.031,4.0,893,0,Quit Playing Games (With My Heart),Backstreet Boys
1743,877,527,287027,578,0.0,7,155,-6.012,0,283,162.11,3.0,0.35,0,I'll Never Break Your Heart,Backstreet Boys
1744,563,729,274827,561,0.0,1,657,-7.162,1,28,95.981,4.0,395,0,All I Have to Give,Backstreet Boys
1745,117,697,203600,856,0.0,10,287,-4.439,0,752,104.202,4.0,732,0,The Call,Backstreet Boys
1746,0.24,683,213027,687,0.0,6,131,-5.833,0,274,99.035,4.0,486,0,I Want It That Way,Backstreet Boys
1747,245,634,234587,624,0.0,6,767,-5.095,0,255,167.992,4.0,668,0,Show Me the Meaning of Being Lonely,Backstreet Boys
1748,252,571,230280,0.77,0.0,9,154,-5.46,1,0.03,96.09,4.0,529,0,Shape of My Heart,Backstreet Boys
1749,522,862,301520,479,126,7,589,-9.199,1,646,109.878,4.0,919,0,I'll Be Missing You (feat. 112),Diddy
1750,397,0.66,268800,707,0.0,6,211,-5.758,1,208,89.279,4.0,779,0,I Need A Girl (Part One) (feat. Usher & Loon),Diddy
1751,0.31,596,232573,661,0.0,5,847,-6.239,0,226,129.491,5.0,864,0,Where the Party At,Jagged Edge
1752,0.26,725,296693,487,1.09e-05,8,431,-5.959,0,368,136.086,4.0,595,0,I Wanna Know,Joe
1753,819,651,232227,645,0.0,1,919,-6.741,1,223,96.394,4.0,668,0,Stay,Ne-Yo
1754,273,699,207187,592,0.0,6,202,-8.298,1,262,94.933,4.0,587,0,So Sick,Ne-Yo
1755,304,654,222000,564,0.0,6,107,-7.186,1,235,86.948,4.0,458,0,When You're Mad,Ne-Yo
1756,265,622,220853,503,473,8,596,-6.417,1,433,93.984,4.0,0.6,0,Sexy Love,Ne-Yo
1757,117,634,331240,528,2.26e-06,1,565,-8.834,1,309,128.0,4.0,187,0,All My Life,K-Ci & JoJo
1758,786,779,254067,711,2.4e-05,0,373,-4.054,1,144,96.472,4.0,857,0,Take Me There - Remix,Blackstreet
1759,58,686,267947,952,333,9,283,-5.169,1,458,104.889,4.0,641,0,MMMBop,Hanson
1760,565,0.78,236827,0.69,8.19e-05,1,716,-4.958,0,445,98.002,4.0,327,0,Case Of The Ex (Whatcha Gonna Do),Mýa
1761,207,833,209490,677,3.92e-06,4,286,-6.413,1,103,132.876,4.0,731,0,My Love Is Like...Wo - Main Mix/Album Version,Mýa
1762,373,592,250173,562,3.23e-05,10,223,-6.869,0,239,90.16,4.0,0.2,0,Angel of Mine - Radio Mix,Monica
1763,243,652,294867,473,0.0,0,134,-7.981,0,313,123.208,4.0,0.36,0,For You I Will,Monica
1764,862,621,230733,579,0.0,9,827,-8.574,1,221,82.897,4.0,415,0,Two Wrongs,Wyclef Jean
1765,925,685,257173,784,0.0,9,314,-4.971,1,0.11,90.89,4.0,734,0,Take Me As I Am,Wyclef Jean
1766,772,733,241133,744,0.0,1,341,-3.51,1,553,92.515,4.0,528,0,Sweetest Girl (Dollar Bill),Wyclef Jean
1767,138,701,283093,457,0.0,8,54,-8.562,0,311,127.925,4.0,292,0,Slow Jam,Usher
1768,218,408,230000,582,0.0,11,159,-8.305,1,508,114.926,5.0,0.34,0,Ironic - 2015 Remastered,Alanis Morissette
1769,227,816,247840,0.5,1.53e-06,1,733,-4.551,1,0.03,124.037,4.0,654,0,U Got It Bad,Usher
1770,257,662,223440,507,0.0,5,465,-8.238,1,118,86.412,4.0,652,0,My Boo,Usher
1771,466,635,244160,0.54,0.0,7,524,-8.122,1,246,99.99,4.0,586,0,Don't Love You No More (I'm Sorry),Craig David
1772,163,622,249093,593,0.0,7,979,-8.352,0,916,94.364,4.0,595,0,Let Me Love You,Mario
1773,541,538,214200,677,0.0,0,236,-6.099,1,187,132.346,5.0,919,0,Just a Friend 2002 - Radio Edit,Mario
1774,273,713,271333,678,0.0,5,149,-3.525,0,102,138.009,4.0,738,0,Say My Name,Destiny's Child
1775,543,771,230200,685,157,1,537,-4.639,1,567,88.997,4.0,683,0,"Jumpin', Jumpin'",Destiny's Child
1776,362,0.73,221133,602,3.69e-06,6,169,-3.782,0,206,97.954,4.0,932,0,"Independent Women, Pt. I",Destiny's Child
1777,139,845,256027,576,0.0,11,764,-5.15,0,153,127.641,4.0,455,0,"Bills, Bills, Bills",Destiny's Child
1778,102,721,263440,723,4.4e-06,2,651,-7.08,0,631,88.933,4.0,769,0,No More (Baby I'ma Do Right),3LW
1779,382,518,300573,666,2.47e-05,0,289,-5.306,1,313,130.048,4.0,254,0,Summer Is Over feat. Sara Bareilles,Jon McLaughlin
1780,201,415,251640,661,0.0,7,143,-4.629,1,296,156.177,4.0,283,0,Beautiful Disaster,Jon McLaughlin
1781,245,319,252053,664,0.0,1,812,-4.85,1,357,112.377,5.0,441,0,Human,Jon McLaughlin
1782,787,386,226840,248,1.49e-06,11,143,-11.42,1,291,106.259,3.0,153,0,So Close,Jon McLaughlin
1783,193,439,206000,906,0.0,3,373,-4.8,1,439,161.905,4.0,0.69,0,In Love With a Girl,Gavin DeGraw
1784,789,764,224987,348,0.0,9,997,-7.98,1,643,119.651,4.0,773,0,Simple Love Song,Anuhea
1785,214,685,339733,607,0.0,11,345,-5.301,1,431,125.011,4.0,463,0,Honeymoon Avenue,Ariana Grande
1786,413,454,194707,521,0.0,7,119,-4.143,1,285,72.28,4.0,231,0,Tattooed Heart,Ariana Grande
1787,831,0.4,327773,337,0.0,2,934,-7.404,1,355,108.196,5.0,354,0,Almost Is Never Enough,Nathan Sykes
1788,789,664,145707,0.32,0.0,4,152,-7.356,1,322,141.916,3.0,0.71,0,Perfect Harmony,Rags Cast
1789,268,562,235947,659,0.0,10,133,-5.234,1,824,87.539,4.0,246,0,Pyramid (feat. Iyaz),Charice
1790,0.74,637,233000,659,0.0,3,227,-6.964,1,409,102.029,4.0,531,0,Best Friend,Jason Chen
1791,962,0.47,246896,271,0.0,8,106,-8.335,1,392,129.623,4.0,396,0,Over And Over Again,Nathan Sykes
1792,126,758,222733,699,0.0,0,643,-4.217,1,51,95.011,4.0,724,0,Put Your Arms Around Me,Natasha Bedingfield
1793,269,704,196853,604,0.0,1,835,-4.865,1,308,115.48,4.0,486,0,Try Everything,Shakira
1794,0.39,712,181880,0.62,0.0,4,994,-4.187,1,888,99.953,4.0,519,0,Starving,Hailee Steinfeld
1795,406,616,206013,709,2.56e-06,10,501,-6.134,1,312,122.984,4.0,545,0,I Dare You,Bea Miller
1796,771,658,241813,566,0.0,7,167,-6.179,1,259,80.035,4.0,513,0,Force of Nature,Bea Miller
1797,305,555,187973,0.79,0.0,3,94,-5.777,1,507,79.016,4.0,519,0,Perfect Picture,Bea Miller
1798,278,0.51,164347,708,3.86e-06,9,117,-3.092,0,51,188.058,4.0,767,0,Tangled Up In Me,Skye Sweetnam
1799,273,487,208360,759,0.0,11,165,-4.849,1,405,80.958,4.0,238,0,Why Can't I?,Liz Phair
1800,901,635,225400,977,2.61e-06,5,241,-3.213,0,588,111.955,4.0,431,0,God Is a DJ,P!nk
1801,637,406,224848,638,0.0,9,107,-6.085,0,0.13,177.916,4.0,404,0,Save My Soul,JoJo
1802,368,277,244413,604,0.0,0,365,-3.778,0,62,199.519,3.0,0.28,0,Mad Love.,JoJo
1803,0.19,776,239880,507,0.0,9,0.12,-5.752,0,405,98.051,4.0,0.51,0,Secret Love,JoJo
1804,122,498,197847,586,0.0,6,106,-5.936,1,0.31,81.945,4.0,489,0,Dear No One,Tori Kelly
1805,466,657,204960,485,0.0,3,889,-5.634,0,672,135.805,4.0,402,0,First Heartbreak,Tori Kelly
1806,104,652,249960,621,5.3e-06,9,382,-8.677,0,263,169.983,4.0,647,0,Video,India.Arie
1807,152,494,227928,542,0.0,6,101,-6.995,1,277,81.34,4.0,246,0,"Beauty and the Beast - From ""Beauty and the Beast""",Ariana Grande
1808,458,732,241387,772,0.0,11,0.76,-7.974,0,382,130.14,4.0,763,0,I2I,Tevin Campbell
1809,411,557,242973,796,0.0,3,951,-4.147,1,482,127.999,4.0,452,0,Confetti Falling,Big Time Rush
1810,211,627,245200,669,2.72e-06,0,111,-9.985,1,412,94.029,4.0,0.5,0,You Gotta Be,Des'ree
1811,429,616,169307,401,0.0,0,161,-7.318,1,344,143.75,4.0,354,0,Can't Blame a Girl for Trying,Sabrina Carpenter
1812,486,586,192720,637,2.97e-06,8,112,-6.621,1,274,88.025,4.0,331,0,Eyes Wide Open,Sabrina Carpenter
1813,397,763,187960,569,7.85e-05,6,755,-5.585,1,401,122.988,4.0,751,0,"Wildside - From ""Adventures in Babysitting""",Sofia Carson
1814,256,539,243773,658,0.0,0,286,-5.109,1,295,136.357,3.0,494,0,Can I Have This Dance,High School Musical Cast
1815,0.4,679,266867,657,0.0,5,497,-9.897,1,255,97.8,4.0,558,0,Hold On,Wilson Phillips
1816,156,627,164840,871,4.63e-06,1,0.23,-4.403,0,336,129.059,4.0,677,0,Be My Baby,Bea Miller
1817,828,717,260187,0.32,0.0,3,107,-8.393,1,283,107.946,4.0,331,0,Photograph (feat. Bea Miller),Boyce Avenue
1818,0.41,694,244189,472,0.0,8,233,-8.62,1,281,95.002,4.0,466,0,Closer (feat. Sarah Hyland),Boyce Avenue
1819,299,0.51,178320,602,0.0,3,126,-6.317,1,616,148.077,4.0,305,0,"Flashlight (Sweet Life Mix) - From ""Pitch Perfect 2"" Soundtrack",Hailee Steinfeld
1820,382,428,291640,514,0.0,7,186,-5.021,1,271,135.819,4.0,141,0,From This Moment On,Shania Twain
1821,0.45,551,212560,527,0.0,3,867,-7.119,1,302,133.758,4.0,662,0,You're Still The One,Shania Twain
1822,136,523,214827,828,255,1,165,-4.696,1,762,96.952,4.0,473,0,Everywhere,Michelle Branch
1823,509,571,234147,0.89,0.0,9,769,-1.6,1,395,110.958,4.0,725,0,Just The Girl,The Click Five
1824,535,0.5,217440,802,0.0,2,103,-4.205,1,104,174.039,4.0,743,0,Pieces Of Me,Ashlee Simpson
1825,668,493,202496,956,0.0,1,416,-4.221,0,138,160.006,4.0,467,0,She Looks So Perfect,5 Seconds of Summer
1826,216,659,216454,0.9,0.0,4,111,-4.856,1,317,118.04,4.0,882,0,She's Kinda Hot,5 Seconds of Summer
1827,236,0.92,293827,654,158,11,359,-3.051,0,401,117.046,4.0,856,0,Billie Jean,Michael Jackson
1828,491,779,258040,867,7.98e-06,3,197,-3.704,0,457,138.858,4.0,918,0,Beat It - Single Version,Michael Jackson
1829,0.11,758,198507,927,285,9,374,-2.768,1,509,115.076,4.0,953,0,Black or White - Single Version,Michael Jackson
1830,367,608,297400,816,554,1,116,-5.926,1,0.11,114.484,4.0,497,0,The Way You Make Me Feel,Michael Jackson
1831,0.43,794,319307,798,1.15e-05,8,114,-5.639,1,366,100.338,4.0,268,0,Man In The Mirror,Michael Jackson
1832,0.23,888,238733,815,424,11,127,-4.909,0,404,127.273,4.0,0.96,0,P.Y.T. (Pretty Young Thing),Michael Jackson
1833,388,492,186867,797,0.0,11,466,-4.666,1,388,79.513,4.0,533,0,Ultimate,Lindsay Lohan
1834,107,632,249147,518,0.0,6,354,-6.126,1,313,90.007,4.0,0.45,0,If I Were a Boy,Beyoncé
1835,143,658,252053,696,0.0,3,131,-4.293,1,707,85.998,4.0,655,0,With You,Chris Brown
1836,371,672,278036,819,184,11,203,-4.457,1,463,120.013,4.0,452,0,Forever,Chris Brown
1837,309,421,285120,407,961,10,0.11,-7.445,1,267,139.028,3.0,168,0,A Thousand Years,Christina Perri
1838,345,589,207145,0.83,0.0,1,344,-5.547,1,984,94.999,4.0,595,0,Gave Me Something,Jess Glynne
1839,159,642,227344,823,0.0,0,776,-5.717,1,289,122.977,4.0,441,0,Hold My Hand,Jess Glynne
1840,106,677,152333,437,0.0,4,897,-7.413,1,322,108.054,4.0,455,0,"When Will My Life Begin - From ""Tangled""/Soundtrack Version",Mandy Moore
1841,845,0.24,224240,0.16,0.0,5,842,-14.213,1,301,92.742,4.0,199,0,"I See the Light - From ""Tangled""/Soundtrack Version",Mandy Moore
1842,647,575,244667,886,187,5,709,-5.182,1,34,96.308,4.0,608,0,Torn,Natalie Imbruglia
1843,197,794,281773,891,9.04e-05,1,136,-6.918,1,439,104.315,4.0,813,0,Ain't Nobody,Chaka Khan
1844,29,555,271560,0.63,681,4,336,-13.11,1,353,128.661,4.0,488,0,Dreams,The Cranberries
1845,307,556,251253,517,115,9,77,-8.769,1,287,169.938,4.0,779,0,I Knew I Loved You,Savage Garden
1846,413,625,270333,426,0.0,2,116,-8.392,0,271,110.018,4.0,123,0,Un-Break My Heart,Toni Braxton
1847,704,689,269173,677,0.0,0,877,-6.36,1,326,153.919,4.0,265,0,Breathe Again,Toni Braxton
1848,117,852,267440,563,1.96e-05,10,119,-8.663,0,377,92.112,4.0,887,0,You're Makin' Me High,Toni Braxton
1849,371,814,268040,431,0.0,8,335,-9.125,1,936,129.957,4.0,546,0,My Little Secret,Xscape
1850,527,701,255453,383,0.0,10,525,-9.016,1,284,135.877,4.0,241,0,One Of Those Love Songs,Xscape
1851,415,773,256720,309,14,7,111,-8.5,0,339,128.105,4.0,411,0,Softest Place On Earth,Xscape
1852,311,657,260427,456,0.0,0,922,-8.917,1,345,115.4,4.0,181,0,The Arms of the One Who Loves You,Xscape
1853,947,739,261933,947,2.99e-05,11,326,-1.915,0,412,88.009,4.0,762,0,He Wasn't Man Enough,Toni Braxton
1854,259,534,249813,642,0.0,9,0.29,-3.971,1,504,92.963,4.0,139,0,Secret Love Song,Little Mix
1855,784,485,180640,332,122,4,146,-9.244,1,338,130.813,4.0,255,0,I Can't Fall in Love Without You,Zara Larsson
1856,965,0.71,275280,565,0.0,7,889,-15.099,1,534,123.994,4.0,352,0,Lost Boy,Ruth B.
1857,524,849,203720,531,0.0,7,693,-5.534,1,258,91.927,4.0,771,0,Yesterday,Atmosphere
1858,622,413,168480,439,562,10,704,-8.537,1,31,97.942,4.0,336,0,Honest,Joseph
1859,904,513,193917,274,9.27e-06,0,0.1,-13.577,1,289,129.834,4.0,381,0,When Will I Learn,Kina Grannis
1860,701,447,171046,288,1.56e-06,4,915,-9.131,1,298,139.522,4.0,352,0,Lady Brain,The Harmaleighs
1861,265,546,201413,0.76,7.47e-05,8,948,-6.763,1,428,151.456,4.0,461,0,Cleopatra,The Lumineers
1862,286,614,264151,549,2.64e-06,5,142,-6.986,1,516,77.926,4.0,255,0,Heavy,Birdtalker
1863,299,604,203310,841,382,1,136,-5.145,1,423,138.976,4.0,585,0,Celeste,Ezra Vine
1864,859,606,201333,411,247,1,252,-11.765,1,316,117.819,4.0,234,0,Don't Say,Lullanas
1865,323,661,186492,544,222,7,871,-11.193,1,304,139.012,4.0,307,0,Like Home,Colin & Caroline
1866,395,644,195107,523,0.0,4,93,-7.66,1,378,95.966,4.0,453,0,I Know,Sammy Brue
1867,208,645,150706,0.52,0.0,1,842,-7.417,1,576,169.986,4.0,395,0,Adventurers,Holley Maher
1868,897,499,195000,0.94,7.28e-05,0,109,-2.741,1,332,112.02,4.0,451,0,Back to You,WILD
1869,185,0.52,238093,497,785,2,109,-9.925,1,403,148.895,4.0,0.41,0,Memorial Day,The Accidentals
1870,754,655,202163,873,0.0,7,105,-4.992,0,692,130.018,4.0,571,0,Fire,Majozi
1871,245,602,156360,771,0.0,3,107,-4.494,1,0.04,125.024,4.0,387,0,I Keep Ticking On,The Harmaleighs
1872,266,626,233760,601,405,2,112,-6.4,1,309,120.046,4.0,187,0,Automatic,Castro
1873,0.58,599,245960,699,276,1,108,-7.588,0,0.1,120.927,4.0,312,0,Ohio - filous Remix,Damien Jurado
1874,331,678,198760,783,1.51e-05,7,134,-4.672,0,828,102.0,4.0,687,0,I Took A Pill In Ibiza - Seeb Remix,Mike Posner
1875,816,611,152869,487,116,2,111,-10.629,1,275,105.034,3.0,667,0,Bath Salts,Travis Hayes
1876,994,206,336000,347,828,1,131,-25.351,1,431,67.584,4.0,378,0,"Nocturne No.1 In B Flat Minor, Op.9 No.1",Frédéric Chopin
1877,832,0.64,268360,864,0.0,7,123,-6.576,1,315,102.026,4.0,735,0,Semi-Charmed Life,Third Eye Blind
1878,211,581,272507,817,1.42e-06,0,246,-6.542,1,382,141.607,4.0,772,0,Mr. Jones,Counting Crows
1879,162,543,256733,912,2.1e-06,7,565,-10.71,1,601,103.731,4.0,0.83,0,Two Princes,Spin Doctors
1880,9.24e-05,547,239227,693,5.46e-05,0,113,-8.786,1,353,119.567,4.0,581,0,Save Tonight,Eagle-Eye Cherry
1881,117,464,236067,785,1.46e-06,6,328,-7.42,0,436,153.005,4.0,505,0,Hey Jealousy,Gin Blossoms
1882,372,615,185093,657,204,7,132,-6.873,1,29,109.95,4.0,0.78,0,Good,Better Than Ezra
1883,131,417,263280,946,0.0,10,154,-4.056,0,507,95.245,4.0,501,0,If You Could Only See,Tonic
1884,171,618,300773,896,0.0,2,875,-5.357,1,307,113.961,4.0,727,0,You Get What You Give,New Radicals
1885,913,638,238093,666,843,8,111,-7.056,0,233,100.01,4.0,474,0,Why I'm Here,Oleander
1886,468,499,134200,873,0.0,6,165,-3.902,1,386,142.726,4.0,869,0,Lump,The Presidents Of The United States Of America
1887,108,743,243333,0.67,702,1,0.22,-4.547,0,293,110.832,4.0,934,0,Someday - Remastered,Sugar Ray
1888,558,0.6,196116,811,6.82e-06,5,109,-7.693,1,788,124.303,4.0,601,0,All I Want,Toad The Wet Sprocket
1889,67,0.42,238667,672,0.0,6,108,-7.902,1,27,168.019,4.0,459,0,Push,Matchbox Twenty
1890,0.16,561,295493,555,0.0,11,114,-9.734,0,287,134.369,4.0,509,0,What's Up?,4 Non Blondes
1891,891,481,189333,0.94,0.0,7,939,-5.204,1,66,96.493,4.0,643,0,Absolutely (Story of a Girl) - Radio Mix,Nine Days
1892,417,566,132307,804,0.0,6,112,-5.783,1,364,149.989,4.0,868,0,Roll To Me,Del Amitri
1893,437,637,208493,846,0.0,1,105,-3.663,1,346,103.119,4.0,596,0,Hey Leonardo (She Likes Me For Me),Blessid Union Of Souls
1894,114,483,219467,818,0.0,11,367,-7.666,1,444,175.668,4.0,0.69,0,Inside Out,Eve 6
1895,219,701,144333,261,0.0,0,821,-19.846,1,938,97.042,4.0,895,0,Blister in the Sun - 2002 Remastered Version,Violent Femmes
1896,971,498,215573,685,775,3,365,-11.795,1,394,112.49,4.0,781,0,Cannonball,The Breeders
1897,133,291,289907,0.79,5.61e-06,11,811,-5.683,0,363,155.667,3.0,493,0,Iris,The Goo Goo Dolls
1898,271,0.48,164467,891,3.24e-06,2,185,-5.001,1,332,123.961,4.0,646,0,Into Your Arms,The Lemonheads
1899,0.25,0.58,235173,575,1.83e-05,3,813,-7.72,1,231,92.934,4.0,372,0,Mmm Mmm Mmm Mmm,Crash Test Dummies
1900,0.35,926,199853,916,6.17e-06,10,234,-2.221,0,929,110.007,4.0,903,0,Hollaback Girl,Gwen Stefani
1901,584,967,242733,583,0.0,7,519,-5.562,0,789,117.0,4.0,965,0,SexyBack,Justin Timberlake
1902,823,741,289133,748,0.0,0,0.34,-6.299,1,264,127.965,4.0,616,0,I Gotta Feeling,The Black Eyed Peas
1903,185,757,211160,725,5.56e-05,0,568,-4.86,0,315,92.96,4.0,887,0,...Baby One More Time,Britney Spears
1904,173,618,217893,794,226,1,144,-6.985,1,126,175.822,4.0,919,0,Genie In A Bottle (Album Version),Christina Aguilera
1905,139,671,243493,727,0.0,7,123,-7.585,1,35,102.358,4.0,0.82,0,Fantasy,Mariah Carey
1906,251,743,214400,675,717,8,685,-4.267,0,953,92.909,4.0,604,0,No Scrubs,TLC
1907,661,639,232987,849,0.02,4,0.15,-5.474,0,361,90.562,4.0,668,0,Drive,Incubus
1908,129,494,169027,946,0.0,4,398,-2.757,1,637,103.408,4.0,713,0,My Own Worst Enemy,Lit
1909,101,768,173027,864,0.0,11,162,-6.145,1,324,110.008,4.0,876,0,Wannabe - Radio Edit,Spice Girls
1910,28,686,211000,915,7.16e-06,7,233,-4.447,1,364,110.054,4.0,784,0,Tearin' up My Heart - Radio Edit,*NSYNC
1911,313,593,239440,642,582,2,804,-7.284,1,299,76.403,4.0,755,0,I Try,Macy Gray
1912,0.25,295,225933,593,0.0,11,236,-7.572,1,555,85.482,4.0,361,0,Ironic,Alanis Morissette
1913,1.92e-05,439,234800,931,1.21e-05,11,193,-2.59,0,473,135.944,4.0,516,0,Learn to Fly,Foo Fighters
1914,0.16,609,294987,923,4.73e-06,9,295,-3.908,1,338,115.996,4.0,0.96,0,Smooth,Santana
1915,161,667,213000,728,0.0,6,199,-5.476,0,272,99.014,4.0,449,0,I Want It That Way,Backstreet Boys
1916,0.43,566,279400,705,0.0,0,109,-7.569,1,311,168.152,4.0,785,0,Truly Madly Deeply,Savage Garden
1917,534,748,198067,939,0.0,0,0.32,-4.288,0,341,104.001,4.0,962,0,(You Drive Me) Crazy,Britney Spears
1918,962,0.72,188107,898,0.0,11,675,-3.701,0,997,143.431,4.0,964,0,Pretty Fly (For a White Guy),The Offspring
1919,449,706,225253,893,1.04e-06,10,301,-4.355,0,449,108.006,4.0,616,0,Everybody (Backstreet's Back) - Radio Edit,Backstreet Boys
1920,153,831,239227,921,213,5,305,-2.383,0,581,108.002,4.0,808,0,Remember the Time,Michael Jackson
1921,863,675,239933,553,7.58e-06,7,118,-7.775,1,486,90.02,4.0,0.57,0,Meet Virginia,Train
1922,363,622,195467,692,158,7,193,-6.97,1,276,112.053,4.0,758,0,Last Kiss,Pearl Jam
1923,501,749,195107,745,403,2,333,-10.625,1,164,101.972,4.0,461,0,Jump,Kris Kross
1924,296,0.6,270427,931,7.1e-05,7,392,-4.647,1,734,140.123,4.0,527,0,"Girls, Girls, Girls",Mötley Crüe
1925,475,559,209413,868,176,5,776,-5.276,1,0.17,156.295,4.0,608,0,Don't Stop Me Now - Remastered 2011,Queen
1926,632,631,219160,363,4.64e-05,5,84,-14.331,1,336,138.367,4.0,268,0,Coming Around Again,Carly Simon
1927,284,778,218093,824,0.0,10,405,-5.892,0,712,100.024,4.0,767,0,Hips Don't Lie,Shakira
1928,542,875,272080,631,2.54e-06,1,127,-3.475,1,99,120.002,4.0,552,0,Don't Cha,The Pussycat Dolls
1929,281,633,197124,976,1.29e-05,8,382,-5.362,1,519,142.027,4.0,471,0,Every time we touch,Cascada
1930,101,835,272533,687,0.0,5,132,-3.18,1,184,94.059,4.0,826,0,Where Is The Love?,The Black Eyed Peas
1931,446,853,267080,676,3.37e-05,6,514,-5.533,0,715,122.65,4.0,558,0,Don't Stop The Music,Rihanna
1932,559,514,254027,911,0.0,1,775,-2.027,0,0.41,161.109,4.0,614,0,Survivor,Destiny's Child
1933,125,649,230747,815,4.31e-05,3,671,-3.796,0,415,126.03,4.0,774,0,Last Friday Night (T.G.I.F.),Katy Perry
1934,265,793,197027,832,6.84e-06,1,207,-4.861,0,405,107.647,4.0,859,0,"Whenever, Wherever",Shakira
1935,0.12,851,237200,806,1.39e-06,4,122,-4.618,1,788,119.002,4.0,769,0,Poker Face,Lady Gaga
1936,572,585,244507,776,7.74e-06,5,0.3,-5.898,1,459,77.987,4.0,0.43,0,Complicated,Avril Lavigne
1937,132,658,243493,781,0.0,9,877,-8.759,1,124,168.883,4.0,929,0,Das Lied Der Schluempfe,Vader Abraham
1938,121,0.81,226333,885,3.39e-06,1,191,-10.116,0,659,107.024,4.0,853,0,Because We Want To,Billie Piper
1939,174,757,205080,902,6.04e-06,7,975,-6.747,1,369,130.05,4.0,853,0,Cheeky Song (Touch My Bum),The Cheeky Girls
1940,599,618,187760,0.96,0.0,4,58,-6.382,1,327,131.988,4.0,949,0,Agadoo - original,Black Lace
1941,561,766,204960,725,0.0,9,942,-6.36,1,294,121.797,4.0,964,0,Achy Breaky Heart,Billy Ray Cyrus
1942,733,845,187840,768,5.04e-06,6,575,-5.448,1,188,100.0,4.0,954,0,Jenny from the Block - Track Masters Remix,Jennifer Lopez
1943,581,0.64,272160,947,0.0,9,656,-3.925,0,102,145.108,4.0,0.68,0,Look At Me,Geri Halliwell
1944,803,524,393827,429,1.37e-05,1,726,-10.064,1,279,131.206,4.0,237,0,(Everything I Do) I Do It For You,Bryan Adams
1945,573,498,200400,467,0.0,1,103,-7.283,1,0.03,117.78,4.0,402,0,Against All Odds (Take a Look at Me Now),Mariah Carey
1946,284,672,212288,709,608,1,83,-7.884,1,232,98.972,4.0,652,0,Anyone Can Fall In Love,Anita Dobson
1947,674,528,182213,271,0.0,3,0.19,-12.762,1,299,136.08,4.0,0.49,0,There's No One Quite Like Grandma - 2003 Remastered Version,St. Winifred's School Choir
1948,453,511,406280,453,212,3,865,-6.803,0,314,138.309,4.0,142,0,Earth Song - Remastered Version,Michael Jackson
1949,342,0.53,259040,445,4.28e-06,10,423,-10.907,1,318,77.092,4.0,495,0,The Lady In Red,Chris de Burgh
1950,707,433,281253,364,3.75e-06,4,171,-8.842,1,293,98.981,1.0,384,0,"My Heart Will Go On (Love Theme from ""Titanic"")",Céline Dion
1951,267,563,315787,847,0.0,0,243,-6.19,1,325,82.757,4.0,0.81,0,Can I Touch You...There?,Michael Bolton
1952,0.25,764,205507,811,112,1,198,-5.245,1,323,95.024,4.0,967,0,Lucky,Britney Spears
1953,754,653,238693,933,0.0,6,574,-6.041,1,522,132.965,4.0,413,0,Believe,Cher
1954,422,927,249382,721,4.36e-05,8,422,-12.561,1,908,103.018,4.0,966,0,Macarena,Los Del Rio
1955,0.16,0.85,234827,623,523,5,395,-12.256,0,34,119.891,4.0,963,0,Boys,Sabrina
1956,441,762,193160,705,0.0,4,118,-5.082,1,991,119.439,4.0,776,0,Shaddap You Face,Joe Dolce
1957,336,959,268840,545,0.0,7,0.15,-14.855,1,623,115.266,4.0,733,0,Ice Ice Baby,Vanilla Ice
1958,154,664,222029,679,307,9,694,-9.08,0,298,104.851,4.0,728,0,Touch Me (I Want Your Body),Samantha Fox
1959,719,836,204827,395,1.4e-05,3,694,-12.015,1,336,104.058,3.0,575,0,Grandad,Clive Dunn
1960,537,191,184800,664,1.23e-06,1,353,-4.125,1,456,203.822,3.0,545,0,Puppy Love,Donny Osmond
1961,769,771,197933,812,13,10,0.37,-6.113,0,133,97.721,4.0,524,0,Girl You Know It's True,Milli Vanilli
1962,588,653,216613,748,0.0,10,194,-6.323,0,211,172.008,4.0,809,0,Mysterious Girl,Peter Andre
1963,721,366,191009,363,636,3,154,-9.768,1,288,132.758,4.0,262,0,Every Loser Wins,Nick Berry
1964,513,685,267947,948,347,9,0.17,-5.182,1,457,104.881,4.0,627,0,MMMBop,Hanson
1965,677,423,322933,655,0.0,2,317,-5.374,1,812,103.72,4.0,298,0,I'd Do Anything For Love (But I Won't Do That),Meat Loaf
1966,483,687,152400,724,0.0,7,57,-4.206,1,69,139.705,4.0,974,0,"To Roz Bikini (Itsy, Bitsy, Teenie, Weenie)",Polina
1967,141,895,179000,883,383,7,274,-8.919,1,216,131.644,4.0,893,0,Hoochie Mama,2 LIVE CREW
1968,459,616,252040,0.91,0.0,0,343,-3.004,1,386,144.073,4.0,684,0,Rockstar,Nickelback
1969,288,668,312640,897,0.0,6,513,-3.982,1,255,95.952,4.0,512,0,Miracles,Insane Clown Posse
1970,364,549,202787,576,1.94e-06,9,147,-6.282,1,263,118.709,3.0,462,0,Fuck You Bitch,Wheeler Walker Jr.
1971,141,615,203067,403,0.0,0,706,-17.264,1,102,80.171,4.0,707,0,Fog On the Tyne,Lindisfarne
1972,423,854,222080,903,576,11,316,-6.821,0,147,131.02,4.0,818,0,Cha Cha Slide,Mr. C
1973,135,446,223840,764,0.0,10,99,-5.042,1,33,172.094,4.0,0.52,0,How You Remind Me - LP Mix,Nickelback
1974,204,614,211067,873,504,11,346,-6.353,1,616,132.074,4.0,615,0,Burn It To The Ground,Nickelback
1975,8.67e-05,485,249067,911,0.0,3,92,-5.749,1,355,89.956,4.0,0.55,0,If Today Was Your Last Day,Nickelback
1976,102,446,190787,0.9,1.89e-05,10,404,-3.541,0,489,187.961,4.0,884,0,When We Stand Together,Nickelback
1977,707,947,150152,829,0.0,9,0.28,-5.337,0,361,129.991,4.0,837,0,Fuck Kd,StaRR Lyfe
1978,0.17,466,183484,0.72,0.0,9,315,-6.105,1,348,139.87,4.0,393,0,Now I Do What I Want,Lil Zay Poppin
1979,342,591,178026,0.75,363,1,804,-6.599,0,479,149.931,4.0,0.38,0,300 Violin Orchestra,Jorge Quintero
1980,574,682,192000,812,0.0,1,553,-2.691,0,118,104.891,4.0,347,0,Shape of You (Major Lazer Remix) [feat. Nyla & Kranium],Ed Sheeran
1981,181,585,249213,612,1.03e-05,1,293,-8.341,1,806,77.487,4.0,173,0,Party Monster,The Weeknd
1982,194,616,208332,908,235,10,345,-6.867,0,551,92.984,4.0,0.81,0,U got 2 believe,Paulo Mendonca
1983,626,682,224000,518,0.43,8,552,-10.089,1,227,118.539,4.0,963,0,Sah,Al Massrieen
1984,119,904,217587,517,147,7,176,-7.287,0,598,96.999,4.0,722,0,Oh Devil,Electric Guest
1985,701,578,199080,866,0.0,1,257,-3.804,1,619,128.038,4.0,619,0,Shut Up and Dance,WALK THE MOON
1986,173,472,321280,844,0.0,10,0.24,-6.578,1,54,140.034,4.0,343,0,Anna Sun,WALK THE MOON
1987,283,421,175907,831,0.0,4,464,-5.128,1,107,134.027,4.0,489,0,Work This Body,WALK THE MOON
1988,8.39e-05,467,209187,794,204,1,103,-6.174,0,349,162.435,4.0,577,0,Tightrope,WALK THE MOON
1989,797,0.48,222053,826,1.01e-06,0,125,-4.602,1,397,96.0,4.0,701,0,Different Colors,WALK THE MOON
1990,59,594,218720,858,3.11e-06,9,642,-4.339,1,387,138.021,4.0,646,0,Avalanche,WALK THE MOON
1991,366,544,245133,788,0.0,5,141,-5.593,0,474,148.121,4.0,821,0,Jenny,WALK THE MOON
1992,749,446,241253,881,0.0,2,0.13,-4.368,1,545,169.889,4.0,428,0,Portugal,WALK THE MOON
1993,19,551,195280,732,0.0,9,764,-6.081,1,627,145.107,4.0,628,0,Quesadilla,WALK THE MOON
1994,0.51,0.63,240000,772,2.26e-05,1,881,-6.986,1,297,99.964,4.0,714,0,Aquaman,WALK THE MOON
1995,202,333,174240,913,0.0,2,146,-3.722,1,808,99.889,4.0,129,0,Paris - Pegboard Nerds Remix,The Chainsmokers
1996,363,743,259889,889,143,10,383,-5.567,1,409,103.963,4.0,186,0,Quit You - Wuki Remix,Lost Kings
1997,87,465,265600,953,146,8,226,-4.684,0,295,160.064,4.0,554,0,Don't Let Me Down - Zomboy Remix,The Chainsmokers
1998,316,0.68,211853,725,1.81e-05,6,112,-3.92,1,611,140.048,4.0,0.26,0,Faded - Slushii Remix,Alan Walker
1999,499,619,245656,949,418,6,179,-4.64,0,658,149.935,4.0,257,0,Can't Get Enough - Pegboard Nerds Remix,Tommie Sunshine
2000,935,0.52,231667,809,35,1,939,-4.18,1,0.05,170.032,4.0,362,0,Light - Loosid Remix,San Holo
2001,262,484,224320,609,0.0,11,339,-5.652,0,303,131.049,4.0,266,0,Something Just Like This - ARMNHMR Remix,The Chainsmokers
2002,301,583,224092,891,3.25e-06,7,129,-3.495,1,447,149.843,4.0,321,0,Without U,Steve Aoki
2003,461,562,201031,0.96,383,9,716,-2.981,1,692,159.927,4.0,311,0,Hold Up,Borgeous
2004,969,595,198400,975,0.0,8,102,-2.339,0,364,150.001,4.0,183,0,Phone Down - Dodge & Fuski Remix,Lost Kings
2005,216,526,216072,825,1.39e-06,5,426,-3.506,0,875,150.181,4.0,108,0,Spoon Me - Slushii Remix,Elliphant
2006,178,501,202839,683,2.7e-06,1,385,-4.261,0,651,154.901,4.0,307,0,Scared To Be Lonely (Conro Remix),Martin Garrix
2007,217,639,296276,978,112,11,838,-2.376,1,73,144.986,4.0,494,0,Let It Go - Scott Melker & Mister Gray Remix,NERVO
2008,541,646,160408,714,0.0,0,134,-6.511,1,378,97.957,4.0,589,0,"Call On Me - EDWYNN X TIKAL, Spirix Remix",Starley
2009,499,595,224000,837,359,1,101,-6.011,1,696,149.964,4.0,331,0,Aamon,Kuuro
2010,231,624,206013,971,121,6,255,-935,0,643,102.003,4.0,442,0,Hey Baby - Steve Aoki Remix,Dimitri Vegas & Like Mike
2011,586,528,245053,879,489,6,432,-5.891,0,0.12,128.268,4.0,327,0,Brightside - Borgeous Remix,Icona Pop
2012,106,584,274404,932,269,1,129,-3.501,1,333,74.976,4.0,211,0,Like A Bitch - Kill The Noise Remix,Kill The Noise
2013,877,894,182182,892,167,1,528,-2.663,1,131,110.041,4.0,867,0,Candy,Dillon Francis
2014,857,637,207200,935,399,0,214,-2.467,1,107,150.082,4.0,0.47,0,Habit - Dack Janiels & Wenzday Remix,Rain Man
2015,164,557,185600,992,677,1,913,-2.735,1,133,150.011,4.0,623,0,First Contact,Twin Moons
2016,281,446,204520,915,3.87e-05,9,218,-6.221,1,141,190.013,4.0,402,0,I Wanna Get Better,Bleachers